idade,nota,horas_estudo,area_formacao
18,2.2415006220569316,18,"['Ciência da Computação', 'Engrenharia', 'Matemática', 'Física']"
21,3.1462400245401545,6,"['Ciência da Computação', 'Engrenharia', 'Matemática', 'Física']"
17,3.0709843294047476,9,"['Ciência da Computação', 'Engrenharia', 'Matemática', 'Física']"
27,2.7968767728945636,4,"['Ciência da Computação', 'Engrenharia', 'Matemática', 'Física']"
29,2.166671390929573,20,"['Ciência da Computação', 'Engrenharia', 'Matemática', 'Física']"
25,3.28946630328977,8,"['Ciência da Computação', 'Engrenharia', 'Matemática', 'Física']"
24,3.2686984666015526,15,"['Ciência da Computação', 'Engrenharia', 'Matemática', 'Física']"
23,3.6216289387972953,7,"['Ciência da Computação', 'Engrenharia', 'Matemática', 'Física']"
24,3.5430670886070255,16,"['Ciência da Computação', 'Engrenharia', 'Matemática', 'Física']"
22,3.2343752902637637,1,"['Ciência da Computação', 'Engrenharia', 'Matemática', 'Física']"
30,3.1182390992716513,18,"['Ciência da Computação', 'Engrenharia', 'Matemática', 'Física']"
25,2.959413268642379,8,"['Ciência da Computação', 'Engrenharia', 'Matemática', 'Física']"
17,2.152957208004419,13,"['Ciência da Computação', 'Engrenharia', 'Matemática', 'Física']"
16,2.900923143903963,17,"['Ciência da Computação', 'Engrenharia', 'Matemática', 'Física']"
30,2.941816258711973,7,"['Ciência da Computação', 'Engrenharia', 'Matemática', 'Física']"
16,3.771248858408221,19,"['Ciência da Computação', 'Engrenharia', 'Matemática', 'Física']"
24,3.0576306348928584,10,"['Ciência da Computação', 'Engrenharia', 'Matemática', 'Física']"
27,3.1170294876686766,6,"['Ciência da Computação', 'Engrenharia', 'Matemática', 'Física']"
28,2.10820952469192,9,"['Ciência da Computação', 'Engrenharia', 'Matemática', 'Física']"
18,3.516476204113564,3,"['Ciência da Computação', 'Engrenharia', 'Matemática', 'Física']"
22,2.692543613448863,2,"['Ciência da Computação', 'Engrenharia', 'Matemática', 'Física']"
16,3.425914886081209,12,"['Ciência da Computação', 'Engrenharia', 'Matemática', 'Física']"
30,3.687112830493853,14,"['Ciência da Computação', 'Engrenharia', 'Matemática', 'Física']"
20,3.9994979275161704,5,"['Ciência da Computação', 'Engrenharia', 'Matemática', 'Física']"
25,2.3103509261329407,18,"['Ciência da Computação', 'Engrenharia', 'Matemática', 'Física']"
18,2.6104061748474807,2,"['Ciência da Computação', 'Engrenharia', 'Matemática', 'Física']"
26,2.7954780063976665,11,"['Ciência da Computação', 'Engrenharia', 'Matemática', 'Física']"
30,3.1799975168115138,9,"['Ciência da Computação', 'Engrenharia', 'Matemática', 'Física']"
21,2.6426175735151984,5,"['Ciência da Computação', 'Engrenharia', 'Matemática', 'Física']"
20,2.3934768010778384,18,"['Ciência da Computação', 'Engrenharia', 'Matemática', 'Física']"
17,3.7654936349345607,15,"['Ciência da Computação', 'Engrenharia', 'Matemática', 'Física']"
27,2.485365740914988,3,"['Ciência da Computação', 'Engrenharia', 'Matemática', 'Física']"
23,3.713354735253077,6,"['Ciência da Computação', 'Engrenharia', 'Matemática', 'Física']"
29,3.5690706243100108,5,"['Ciência da Computação', 'Engrenharia', 'Matemática', 'Física']"
24,3.3672760136295317,4,"['Ciência da Computação', 'Engrenharia', 'Matemática', 'Física']"
27,3.988536606634151,19,"['Ciência da Computação', 'Engrenharia', 'Matemática', 'Física']"
25,3.0205904292322643,2,"['Ciência da Computação', 'Engrenharia', 'Matemática', 'Física']"
20,3.3264330160406534,11,"['Ciência da Computação', 'Engrenharia', 'Matemática', 'Física']"
23,3.517231390498001,6,"['Ciência da Computação', 'Engrenharia', 'Matemática', 'Física']"
27,3.3641042825274026,20,"['Ciência da Computação', 'Engrenharia', 'Matemática', 'Física']"
28,2.127804834024124,6,"['Ciência da Computação', 'Engrenharia', 'Matemática', 'Física']"
21,2.949488860555691,2,"['Ciência da Computação', 'Engrenharia', 'Matemática', 'Física']"
28,3.394953783397429,19,"['Ciência da Computação', 'Engrenharia', 'Matemática', 'Física']"
30,3.9331595936127197,2,"['Ciência da Computação', 'Engrenharia', 'Matemática', 'Física']"
29,2.022019572555746,13,"['Ciência da Computação', 'Engrenharia', 'Matemática', 'Física']"
30,3.084664637815141,18,"['Ciência da Computação', 'Engrenharia', 'Matemática', 'Física']"
23,3.669479125536421,8,"['Ciência da Computação', 'Engrenharia', 'Matemática', 'Física']"
22,2.5416739832834354,10,"['Ciência da Computação', 'Engrenharia', 'Matemática', 'Física']"
29,2.282420753569842,16,"['Ciência da Computação', 'Engrenharia', 'Matemática', 'Física']"
18,2.465859413904261,10,"['Ciência da Computação', 'Engrenharia', 'Matemática', 'Física']"
28,3.0714224232983294,12,"['Ciência da Computação', 'Engrenharia', 'Matemática', 'Física']"
24,2.165924972916978,18,"['Ciência da Computação', 'Engrenharia', 'Matemática', 'Física']"
26,3.5019587448373652,17,"['Ciência da Computação', 'Engrenharia', 'Matemática', 'Física']"
18,2.458426412123714,7,"['Ciência da Computação', 'Engrenharia', 'Matemática', 'Física']"
23,3.590804570404478,11,"['Ciência da Computação', 'Engrenharia', 'Matemática', 'Física']"
23,2.101862940959383,18,"['Ciência da Computação', 'Engrenharia', 'Matemática', 'Física']"
21,2.7777376109158958,14,"['Ciência da Computação', 'Engrenharia', 'Matemática', 'Física']"
21,3.7471854448013486,13,"['Ciência da Computação', 'Engrenharia', 'Matemática', 'Física']"
17,2.8869364282117393,1,"['Ciência da Computação', 'Engrenharia', 'Matemática', 'Física']"
27,3.3060094496320342,11,"['Ciência da Computação', 'Engrenharia', 'Matemática', 'Física']"
29,2.9446317369147152,16,"['Ciência da Computação', 'Engrenharia', 'Matemática', 'Física']"
17,2.2552593373114855,13,"['Ciência da Computação', 'Engrenharia', 'Matemática', 'Física']"
22,3.0584477468276594,8,"['Ciência da Computação', 'Engrenharia', 'Matemática', 'Física']"
30,3.2803178717675365,2,"['Ciência da Computação', 'Engrenharia', 'Matemática', 'Física']"
21,2.621130803168457,19,"['Ciência da Computação', 'Engrenharia', 'Matemática', 'Física']"
27,2.2881558598845926,1,"['Ciência da Computação', 'Engrenharia', 'Matemática', 'Física']"
30,3.648974920282849,4,"['Ciência da Computação', 'Engrenharia', 'Matemática', 'Física']"
26,2.9049858261958987,9,"['Ciência da Computação', 'Engrenharia', 'Matemática', 'Física']"
24,3.3343042611708604,8,"['Ciência da Computação', 'Engrenharia', 'Matemática', 'Física']"
17,2.71262700017859,5,"['Ciência da Computação', 'Engrenharia', 'Matemática', 'Física']"
23,2.2835070737543965,14,"['Ciência da Computação', 'Engrenharia', 'Matemática', 'Física']"
20,2.8465377547505524,18,"['Ciência da Computação', 'Engrenharia', 'Matemática', 'Física']"
19,2.5380030416009505,3,"['Ciência da Computação', 'Engrenharia', 'Matemática', 'Física']"
19,3.7828667359102894,1,"['Ciência da Computação', 'Engrenharia', 'Matemática', 'Física']"
29,3.616771937100066,5,"['Ciência da Computação', 'Engrenharia', 'Matemática', 'Física']"
18,3.1793069293738205,12,"['Ciência da Computação', 'Engrenharia', 'Matemática', 'Física']"
30,2.341412169198118,20,"['Ciência da Computação', 'Engrenharia', 'Matemática', 'Física']"
25,2.7119571128246447,9,"['Ciência da Computação', 'Engrenharia', 'Matemática', 'Física']"
27,2.1850899550443073,20,"['Ciência da Computação', 'Engrenharia', 'Matemática', 'Física']"
23,2.8239311440035166,17,"['Ciência da Computação', 'Engrenharia', 'Matemática', 'Física']"
24,2.7273299352651654,7,"['Ciência da Computação', 'Engrenharia', 'Matemática', 'Física']"
20,3.028668991567293,13,"['Ciência da Computação', 'Engrenharia', 'Matemática', 'Física']"
23,2.4855334636770623,15,"['Ciência da Computação', 'Engrenharia', 'Matemática', 'Física']"
17,3.8020579936523005,19,"['Ciência da Computação', 'Engrenharia', 'Matemática', 'Física']"
29,3.549955372718826,5,"['Ciência da Computação', 'Engrenharia', 'Matemática', 'Física']"
18,2.8384123269622727,4,"['Ciência da Computação', 'Engrenharia', 'Matemática', 'Física']"
17,3.651750069988199,1,"['Ciência da Computação', 'Engrenharia', 'Matemática', 'Física']"
20,2.385090294734151,4,"['Ciência da Computação', 'Engrenharia', 'Matemática', 'Física']"
21,3.6579952352537184,1,"['Ciência da Computação', 'Engrenharia', 'Matemática', 'Física']"
27,3.818900510600343,16,"['Ciência da Computação', 'Engrenharia', 'Matemática', 'Física']"
27,3.9189415533017016,19,"['Ciência da Computação', 'Engrenharia', 'Matemática', 'Física']"
27,3.319077848548507,16,"['Ciência da Computação', 'Engrenharia', 'Matemática', 'Física']"
20,2.919425191002162,10,"['Ciência da Computação', 'Engrenharia', 'Matemática', 'Física']"
17,2.6879787237966357,4,"['Ciência da Computação', 'Engrenharia', 'Matemática', 'Física']"
17,2.3065335669590343,6,"['Ciência da Computação', 'Engrenharia', 'Matemática', 'Física']"
18,3.3292405255071467,18,"['Ciência da Computação', 'Engrenharia', 'Matemática', 'Física']"
16,2.8936985523051426,19,"['Ciência da Computação', 'Engrenharia', 'Matemática', 'Física']"
28,3.554824138658577,20,"['Ciência da Computação', 'Engrenharia', 'Matemática', 'Física']"
26,2.3478266602715028,4,"['Ciência da Computação', 'Engrenharia', 'Matemática', 'Física']"
30,2.2291653703421446,14,"['Ciência da Computação', 'Engrenharia', 'Matemática', 'Física']"
21,3.966438354129639,17,"['Ciência da Computação', 'Engrenharia', 'Matemática', 'Física']"
16,3.9834137651542934,20,"['Ciência da Computação', 'Engrenharia', 'Matemática', 'Física']"
26,2.0843502908936404,7,"['Ciência da Computação', 'Engrenharia', 'Matemática', 'Física']"
29,2.263315694356246,3,"['Ciência da Computação', 'Engrenharia', 'Matemática', 'Física']"
26,2.7900785414248093,8,"['Ciência da Computação', 'Engrenharia', 'Matemática', 'Física']"
24,3.386920229275379,18,"['Ciência da Computação', 'Engrenharia', 'Matemática', 'Física']"
27,3.5122776099372737,13,"['Ciência da Computação', 'Engrenharia', 'Matemática', 'Física']"
17,2.864405498395623,10,"['Ciência da Computação', 'Engrenharia', 'Matemática', 'Física']"
28,3.4030684282771633,15,"['Ciência da Computação', 'Engrenharia', 'Matemática', 'Física']"
23,2.312868092836208,1,"['Ciência da Computação', 'Engrenharia', 'Matemática', 'Física']"
20,3.4083260083994764,15,"['Ciência da Computação', 'Engrenharia', 'Matemática', 'Física']"
24,2.3800866695275675,12,"['Ciência da Computação', 'Engrenharia', 'Matemática', 'Física']"
25,2.074208296537379,2,"['Ciência da Computação', 'Engrenharia', 'Matemática', 'Física']"
30,2.086729147667564,7,"['Ciência da Computação', 'Engrenharia', 'Matemática', 'Física']"
19,3.3941040140980574,8,"['Ciência da Computação', 'Engrenharia', 'Matemática', 'Física']"
25,3.5206438331043803,13,"['Ciência da Computação', 'Engrenharia', 'Matemática', 'Física']"
26,2.4065129007068258,4,"['Ciência da Computação', 'Engrenharia', 'Matemática', 'Física']"
24,2.428893957091382,17,"['Ciência da Computação', 'Engrenharia', 'Matemática', 'Física']"
16,2.846966522998261,10,"['Ciência da Computação', 'Engrenharia', 'Matemática', 'Física']"
16,2.430243527625606,6,"['Ciência da Computação', 'Engrenharia', 'Matemática', 'Física']"
28,2.6822150151655166,20,"['Ciência da Computação', 'Engrenharia', 'Matemática', 'Física']"
30,3.1696624185294837,12,"['Ciência da Computação', 'Engrenharia', 'Matemática', 'Física']"
19,3.884558055486897,10,"['Ciência da Computação', 'Engrenharia', 'Matemática', 'Física']"
29,2.3218039505891177,2,"['Ciência da Computação', 'Engrenharia', 'Matemática', 'Física']"
21,3.959575143651521,1,"['Ciência da Computação', 'Engrenharia', 'Matemática', 'Física']"
17,3.1385721309173213,17,"['Ciência da Computação', 'Engrenharia', 'Matemática', 'Física']"
30,3.787421619009459,10,"['Ciência da Computação', 'Engrenharia', 'Matemática', 'Física']"
21,3.9444905027787938,7,"['Ciência da Computação', 'Engrenharia', 'Matemática', 'Física']"
22,2.034113102000727,11,"['Ciência da Computação', 'Engrenharia', 'Matemática', 'Física']"
23,3.3702247192683794,3,"['Ciência da Computação', 'Engrenharia', 'Matemática', 'Física']"
25,3.6100587947945453,16,"['Ciência da Computação', 'Engrenharia', 'Matemática', 'Física']"
27,3.7523536807914413,15,"['Ciência da Computação', 'Engrenharia', 'Matemática', 'Física']"
24,2.230714653305018,20,"['Ciência da Computação', 'Engrenharia', 'Matemática', 'Física']"
22,3.167215164634484,7,"['Ciência da Computação', 'Engrenharia', 'Matemática', 'Física']"
23,3.3223257975578964,9,"['Ciência da Computação', 'Engrenharia', 'Matemática', 'Física']"
16,2.8904950200992,7,"['Ciência da Computação', 'Engrenharia', 'Matemática', 'Física']"
17,2.656809509821626,4,"['Ciência da Computação', 'Engrenharia', 'Matemática', 'Física']"
25,2.2555129587146205,11,"['Ciência da Computação', 'Engrenharia', 'Matemática', 'Física']"
23,2.5932579268382208,3,"['Ciência da Computação', 'Engrenharia', 'Matemática', 'Física']"
23,3.0390250899297366,8,"['Ciência da Computação', 'Engrenharia', 'Matemática', 'Física']"
22,2.240239218858026,8,"['Ciência da Computação', 'Engrenharia', 'Matemática', 'Física']"
22,2.048080911390872,13,"['Ciência da Computação', 'Engrenharia', 'Matemática', 'Física']"
20,2.1156595892950296,16,"['Ciência da Computação', 'Engrenharia', 'Matemática', 'Física']"
30,2.1335960221222696,7,"['Ciência da Computação', 'Engrenharia', 'Matemática', 'Física']"
18,2.463225763233786,1,"['Ciência da Computação', 'Engrenharia', 'Matemática', 'Física']"
28,2.605339329476851,5,"['Ciência da Computação', 'Engrenharia', 'Matemática', 'Física']"
16,2.0420406014677774,14,"['Ciência da Computação', 'Engrenharia', 'Matemática', 'Física']"
25,3.9862418468922005,16,"['Ciência da Computação', 'Engrenharia', 'Matemática', 'Física']"
23,3.8210894234512924,20,"['Ciência da Computação', 'Engrenharia', 'Matemática', 'Física']"
22,3.248326481761704,17,"['Ciência da Computação', 'Engrenharia', 'Matemática', 'Física']"
16,2.236890483175186,16,"['Ciência da Computação', 'Engrenharia', 'Matemática', 'Física']"
18,3.3527190019593327,20,"['Ciência da Computação', 'Engrenharia', 'Matemática', 'Física']"
26,2.378009563608104,4,"['Ciência da Computação', 'Engrenharia', 'Matemática', 'Física']"
18,2.8701505434330743,18,"['Ciência da Computação', 'Engrenharia', 'Matemática', 'Física']"
18,3.1161832423370224,10,"['Ciência da Computação', 'Engrenharia', 'Matemática', 'Física']"
28,2.2968473801943152,20,"['Ciência da Computação', 'Engrenharia', 'Matemática', 'Física']"
27,3.8707548640946587,9,"['Ciência da Computação', 'Engrenharia', 'Matemática', 'Física']"
30,3.9373994454196204,2,"['Ciência da Computação', 'Engrenharia', 'Matemática', 'Física']"
18,3.6330817850818486,4,"['Ciência da Computação', 'Engrenharia', 'Matemática', 'Física']"
20,3.5936393513880436,12,"['Ciência da Computação', 'Engrenharia', 'Matemática', 'Física']"
30,2.3233777366007224,15,"['Ciência da Computação', 'Engrenharia', 'Matemática', 'Física']"
29,2.4128081608813847,15,"['Ciência da Computação', 'Engrenharia', 'Matemática', 'Física']"
21,2.7306020708668823,7,"['Ciência da Computação', 'Engrenharia', 'Matemática', 'Física']"
17,3.6776852246580214,6,"['Ciência da Computação', 'Engrenharia', 'Matemática', 'Física']"
25,3.6319079661850253,16,"['Ciência da Computação', 'Engrenharia', 'Matemática', 'Física']"
18,2.57084835344443,3,"['Ciência da Computação', 'Engrenharia', 'Matemática', 'Física']"
27,3.7799407940961096,4,"['Ciência da Computação', 'Engrenharia', 'Matemática', 'Física']"
23,3.1875105564924566,8,"['Ciência da Computação', 'Engrenharia', 'Matemática', 'Física']"
18,3.942792596780226,5,"['Ciência da Computação', 'Engrenharia', 'Matemática', 'Física']"
24,2.9305858542974237,12,"['Ciência da Computação', 'Engrenharia', 'Matemática', 'Física']"
23,2.4214775517584033,6,"['Ciência da Computação', 'Engrenharia', 'Matemática', 'Física']"
17,3.131017124938083,11,"['Ciência da Computação', 'Engrenharia', 'Matemática', 'Física']"
26,3.047197076583689,1,"['Ciência da Computação', 'Engrenharia', 'Matemática', 'Física']"
29,3.8543609503355842,13,"['Ciência da Computação', 'Engrenharia', 'Matemática', 'Física']"
21,2.351859661082847,12,"['Ciência da Computação', 'Engrenharia', 'Matemática', 'Física']"
28,2.442071938723778,3,"['Ciência da Computação', 'Engrenharia', 'Matemática', 'Física']"
29,2.1849640030585302,14,"['Ciência da Computação', 'Engrenharia', 'Matemática', 'Física']"
30,3.466786277416303,13,"['Ciência da Computação', 'Engrenharia', 'Matemática', 'Física']"
27,2.405522701817997,2,"['Ciência da Computação', 'Engrenharia', 'Matemática', 'Física']"
20,2.2582253869549556,1,"['Ciência da Computação', 'Engrenharia', 'Matemática', 'Física']"
28,2.174467106957533,20,"['Ciência da Computação', 'Engrenharia', 'Matemática', 'Física']"
24,2.9909467412516424,3,"['Ciência da Computação', 'Engrenharia', 'Matemática', 'Física']"
18,2.881682220842632,16,"['Ciência da Computação', 'Engrenharia', 'Matemática', 'Física']"
29,2.02951361830864,9,"['Ciência da Computação', 'Engrenharia', 'Matemática', 'Física']"
20,3.288243641209065,18,"['Ciência da Computação', 'Engrenharia', 'Matemática', 'Física']"
24,2.099005533237148,19,"['Ciência da Computação', 'Engrenharia', 'Matemática', 'Física']"
19,2.51587023486781,10,"['Ciência da Computação', 'Engrenharia', 'Matemática', 'Física']"
25,2.439781374351803,2,"['Ciência da Computação', 'Engrenharia', 'Matemática', 'Física']"
30,2.9952832416885076,2,"['Ciência da Computação', 'Engrenharia', 'Matemática', 'Física']"
16,3.750361175228904,15,"['Ciência da Computação', 'Engrenharia', 'Matemática', 'Física']"
17,2.2547430125242496,19,"['Ciência da Computação', 'Engrenharia', 'Matemática', 'Física']"
29,3.015762366048885,2,"['Ciência da Computação', 'Engrenharia', 'Matemática', 'Física']"
27,2.196651890427358,11,"['Ciência da Computação', 'Engrenharia', 'Matemática', 'Física']"
24,3.7012242555552026,9,"['Ciência da Computação', 'Engrenharia', 'Matemática', 'Física']"
20,3.3215354570694453,10,"['Ciência da Computação', 'Engrenharia', 'Matemática', 'Física']"
18,3.545871702127573,19,"['Ciência da Computação', 'Engrenharia', 'Matemática', 'Física']"
20,3.1829017286444534,19,"['Ciência da Computação', 'Engrenharia', 'Matemática', 'Física']"
25,2.8334372563621613,5,"['Ciência da Computação', 'Engrenharia', 'Matemática', 'Física']"
20,3.4399581320912134,16,"['Ciência da Computação', 'Engrenharia', 'Matemática', 'Física']"
28,2.018203833126085,20,"['Ciência da Computação', 'Engrenharia', 'Matemática', 'Física']"
17,3.1935035651689874,14,"['Ciência da Computação', 'Engrenharia', 'Matemática', 'Física']"
24,2.9926620683953264,14,"['Ciência da Computação', 'Engrenharia', 'Matemática', 'Física']"
22,3.8779001246535696,16,"['Ciência da Computação', 'Engrenharia', 'Matemática', 'Física']"
26,3.3928124072884756,4,"['Ciência da Computação', 'Engrenharia', 'Matemática', 'Física']"
17,2.088487789345879,10,"['Ciência da Computação', 'Engrenharia', 'Matemática', 'Física']"
27,2.125289148719644,12,"['Ciência da Computação', 'Engrenharia', 'Matemática', 'Física']"
17,3.9611351553565317,16,"['Ciência da Computação', 'Engrenharia', 'Matemática', 'Física']"
30,3.220433438592422,16,"['Ciência da Computação', 'Engrenharia', 'Matemática', 'Física']"
30,3.2045487607783087,4,"['Ciência da Computação', 'Engrenharia', 'Matemática', 'Física']"
16,2.944986736447737,14,"['Ciência da Computação', 'Engrenharia', 'Matemática', 'Física']"
20,3.3364575184558323,18,"['Ciência da Computação', 'Engrenharia', 'Matemática', 'Física']"
23,2.4205934968860756,2,"['Ciência da Computação', 'Engrenharia', 'Matemática', 'Física']"
26,3.862485278575888,5,"['Ciência da Computação', 'Engrenharia', 'Matemática', 'Física']"
22,2.1902784257282364,4,"['Ciência da Computação', 'Engrenharia', 'Matemática', 'Física']"
30,2.133474381281572,1,"['Ciência da Computação', 'Engrenharia', 'Matemática', 'Física']"
26,3.8312505676618445,19,"['Ciência da Computação', 'Engrenharia', 'Matemática', 'Física']"
30,2.5682564529010565,19,"['Ciência da Computação', 'Engrenharia', 'Matemática', 'Física']"
19,2.053367498287514,20,"['Ciência da Computação', 'Engrenharia', 'Matemática', 'Física']"
22,3.5724391140492666,13,"['Ciência da Computação', 'Engrenharia', 'Matemática', 'Física']"
21,2.7881342198948755,11,"['Ciência da Computação', 'Engrenharia', 'Matemática', 'Física']"
23,2.8197970745636978,19,"['Ciência da Computação', 'Engrenharia', 'Matemática', 'Física']"
23,3.409932846024709,18,"['Ciência da Computação', 'Engrenharia', 'Matemática', 'Física']"
23,3.3309236219863028,20,"['Ciência da Computação', 'Engrenharia', 'Matemática', 'Física']"
22,2.8188499529342,17,"['Ciência da Computação', 'Engrenharia', 'Matemática', 'Física']"
28,3.8551710102582626,10,"['Ciência da Computação', 'Engrenharia', 'Matemática', 'Física']"
19,3.3319542119229597,8,"['Ciência da Computação', 'Engrenharia', 'Matemática', 'Física']"
27,3.9323002871758885,11,"['Ciência da Computação', 'Engrenharia', 'Matemática', 'Física']"
25,3.604016606088308,3,"['Ciência da Computação', 'Engrenharia', 'Matemática', 'Física']"
24,2.419092555982156,4,"['Ciência da Computação', 'Engrenharia', 'Matemática', 'Física']"
23,2.0414781597940084,8,"['Ciência da Computação', 'Engrenharia', 'Matemática', 'Física']"
26,3.68277660890363,6,"['Ciência da Computação', 'Engrenharia', 'Matemática', 'Física']"
30,3.1166559702004033,16,"['Ciência da Computação', 'Engrenharia', 'Matemática', 'Física']"
27,2.210930103927322,20,"['Ciência da Computação', 'Engrenharia', 'Matemática', 'Física']"
18,3.4602910007896313,6,"['Ciência da Computação', 'Engrenharia', 'Matemática', 'Física']"
28,3.5303260292232346,16,"['Ciência da Computação', 'Engrenharia', 'Matemática', 'Física']"
19,2.8278803300019755,2,"['Ciência da Computação', 'Engrenharia', 'Matemática', 'Física']"
27,3.8726116599344076,7,"['Ciência da Computação', 'Engrenharia', 'Matemática', 'Física']"
19,2.232527534583045,10,"['Ciência da Computação', 'Engrenharia', 'Matemática', 'Física']"
28,2.141534003942054,19,"['Ciência da Computação', 'Engrenharia', 'Matemática', 'Física']"
20,2.089825125982429,13,"['Ciência da Computação', 'Engrenharia', 'Matemática', 'Física']"
25,2.2948386178317643,1,"['Ciência da Computação', 'Engrenharia', 'Matemática', 'Física']"
26,3.510607837960533,5,"['Ciência da Computação', 'Engrenharia', 'Matemática', 'Física']"
24,3.745223513787292,6,"['Ciência da Computação', 'Engrenharia', 'Matemática', 'Física']"
17,3.2494534847478365,19,"['Ciência da Computação', 'Engrenharia', 'Matemática', 'Física']"
23,3.77239349667959,14,"['Ciência da Computação', 'Engrenharia', 'Matemática', 'Física']"
17,2.6073131813739527,10,"['Ciência da Computação', 'Engrenharia', 'Matemática', 'Física']"
21,2.3467216890497617,19,"['Ciência da Computação', 'Engrenharia', 'Matemática', 'Física']"
25,2.9788510120904093,14,"['Ciência da Computação', 'Engrenharia', 'Matemática', 'Física']"
23,3.3703274028789014,2,"['Ciência da Computação', 'Engrenharia', 'Matemática', 'Física']"
23,3.1721228175363296,11,"['Ciência da Computação', 'Engrenharia', 'Matemática', 'Física']"
24,3.6768943153052294,1,"['Ciência da Computação', 'Engrenharia', 'Matemática', 'Física']"
24,3.514668631850812,20,"['Ciência da Computação', 'Engrenharia', 'Matemática', 'Física']"
17,2.278719059069156,3,"['Ciência da Computação', 'Engrenharia', 'Matemática', 'Física']"
25,2.938371731230987,14,"['Ciência da Computação', 'Engrenharia', 'Matemática', 'Física']"
29,3.566167224892679,2,"['Ciência da Computação', 'Engrenharia', 'Matemática', 'Física']"
20,2.759388985110567,18,"['Ciência da Computação', 'Engrenharia', 'Matemática', 'Física']"
21,2.5116158966896016,14,"['Ciência da Computação', 'Engrenharia', 'Matemática', 'Física']"
24,3.770547388314032,18,"['Ciência da Computação', 'Engrenharia', 'Matemática', 'Física']"
27,3.532777584711078,5,"['Ciência da Computação', 'Engrenharia', 'Matemática', 'Física']"
30,3.4032213617944866,6,"['Ciência da Computação', 'Engrenharia', 'Matemática', 'Física']"
18,3.477951153877391,19,"['Ciência da Computação', 'Engrenharia', 'Matemática', 'Física']"
20,3.6609697263670853,12,"['Ciência da Computação', 'Engrenharia', 'Matemática', 'Física']"
20,3.324262111916285,15,"['Ciência da Computação', 'Engrenharia', 'Matemática', 'Física']"
25,3.8217434988162475,1,"['Ciência da Computação', 'Engrenharia', 'Matemática', 'Física']"
22,3.034862562057532,11,"['Ciência da Computação', 'Engrenharia', 'Matemática', 'Física']"
18,2.5655823533642805,12,"['Ciência da Computação', 'Engrenharia', 'Matemática', 'Física']"
17,3.7710179751269144,2,"['Ciência da Computação', 'Engrenharia', 'Matemática', 'Física']"
27,3.6272593999297715,8,"['Ciência da Computação', 'Engrenharia', 'Matemática', 'Física']"
25,3.893081878607246,17,"['Ciência da Computação', 'Engrenharia', 'Matemática', 'Física']"
27,2.290916655942716,19,"['Ciência da Computação', 'Engrenharia', 'Matemática', 'Física']"
23,3.6704749706893502,3,"['Ciência da Computação', 'Engrenharia', 'Matemática', 'Física']"
30,3.2938074707264553,9,"['Ciência da Computação', 'Engrenharia', 'Matemática', 'Física']"
29,2.6995965725108557,11,"['Ciência da Computação', 'Engrenharia', 'Matemática', 'Física']"
16,3.123508272047033,8,"['Ciência da Computação', 'Engrenharia', 'Matemática', 'Física']"
23,3.4150114868245867,9,"['Ciência da Computação', 'Engrenharia', 'Matemática', 'Física']"
29,3.961272831604179,11,"['Ciência da Computação', 'Engrenharia', 'Matemática', 'Física']"
23,3.9918902868145603,11,"['Ciência da Computação', 'Engrenharia', 'Matemática', 'Física']"
30,2.266144510914194,11,"['Ciência da Computação', 'Engrenharia', 'Matemática', 'Física']"
27,3.088295413002207,1,"['Ciência da Computação', 'Engrenharia', 'Matemática', 'Física']"
26,2.9143273532814424,8,"['Ciência da Computação', 'Engrenharia', 'Matemática', 'Física']"
21,2.020364465236576,13,"['Ciência da Computação', 'Engrenharia', 'Matemática', 'Física']"
24,3.729657773721244,8,"['Ciência da Computação', 'Engrenharia', 'Matemática', 'Física']"
16,3.698798066875507,7,"['Ciência da Computação', 'Engrenharia', 'Matemática', 'Física']"
25,2.254575168717704,15,"['Ciência da Computação', 'Engrenharia', 'Matemática', 'Física']"
22,2.55070731451881,16,"['Ciência da Computação', 'Engrenharia', 'Matemática', 'Física']"
16,2.4999997020132585,17,"['Ciência da Computação', 'Engrenharia', 'Matemática', 'Física']"
27,2.903211189084659,11,"['Ciência da Computação', 'Engrenharia', 'Matemática', 'Física']"
29,2.551933600021373,3,"['Ciência da Computação', 'Engrenharia', 'Matemática', 'Física']"
30,3.577542727103986,12,"['Ciência da Computação', 'Engrenharia', 'Matemática', 'Física']"
25,3.0629661642599615,3,"['Ciência da Computação', 'Engrenharia', 'Matemática', 'Física']"
28,3.2542912131927273,14,"['Ciência da Computação', 'Engrenharia', 'Matemática', 'Física']"
22,2.474103157303909,7,"['Ciência da Computação', 'Engrenharia', 'Matemática', 'Física']"
23,2.6472815134265604,17,"['Ciência da Computação', 'Engrenharia', 'Matemática', 'Física']"
21,2.9607367094717865,10,"['Ciência da Computação', 'Engrenharia', 'Matemática', 'Física']"
26,3.8000171962329916,13,"['Ciência da Computação', 'Engrenharia', 'Matemática', 'Física']"
16,2.3196385005173177,20,"['Ciência da Computação', 'Engrenharia', 'Matemática', 'Física']"
19,3.532342847173946,12,"['Ciência da Computação', 'Engrenharia', 'Matemática', 'Física']"
25,3.9561078063633124,20,"['Ciência da Computação', 'Engrenharia', 'Matemática', 'Física']"
19,2.5972345164888484,6,"['Ciência da Computação', 'Engrenharia', 'Matemática', 'Física']"
22,3.774187475671655,3,"['Ciência da Computação', 'Engrenharia', 'Matemática', 'Física']"
28,2.8474977000531494,6,"['Ciência da Computação', 'Engrenharia', 'Matemática', 'Física']"
23,3.1080317373875825,11,"['Ciência da Computação', 'Engrenharia', 'Matemática', 'Física']"
29,2.1834089585814507,15,"['Ciência da Computação', 'Engrenharia', 'Matemática', 'Física']"
24,3.726588605609435,8,"['Ciência da Computação', 'Engrenharia', 'Matemática', 'Física']"
21,2.918041961049043,16,"['Ciência da Computação', 'Engrenharia', 'Matemática', 'Física']"
29,2.372508059610571,6,"['Ciência da Computação', 'Engrenharia', 'Matemática', 'Física']"
24,3.724636550854925,10,"['Ciência da Computação', 'Engrenharia', 'Matemática', 'Física']"
30,3.092152597138481,16,"['Ciência da Computação', 'Engrenharia', 'Matemática', 'Física']"
16,2.31871775103314,20,"['Ciência da Computação', 'Engrenharia', 'Matemática', 'Física']"
24,2.8596865823428095,7,"['Ciência da Computação', 'Engrenharia', 'Matemática', 'Física']"
25,2.8690914462934662,5,"['Ciência da Computação', 'Engrenharia', 'Matemática', 'Física']"
22,3.1298460380861215,3,"['Ciência da Computação', 'Engrenharia', 'Matemática', 'Física']"
22,2.5747447072396845,1,"['Ciência da Computação', 'Engrenharia', 'Matemática', 'Física']"
27,2.8866089382023015,6,"['Ciência da Computação', 'Engrenharia', 'Matemática', 'Física']"
16,3.039283594241997,2,"['Ciência da Computação', 'Engrenharia', 'Matemática', 'Física']"
23,2.2051258902503674,11,"['Ciência da Computação', 'Engrenharia', 'Matemática', 'Física']"
23,3.5162044365461775,4,"['Ciência da Computação', 'Engrenharia', 'Matemática', 'Física']"
29,2.437531733935595,18,"['Ciência da Computação', 'Engrenharia', 'Matemática', 'Física']"
22,3.723608505286499,14,"['Ciência da Computação', 'Engrenharia', 'Matemática', 'Física']"
18,3.40777422855186,4,"['Ciência da Computação', 'Engrenharia', 'Matemática', 'Física']"
21,3.180679444750461,19,"['Ciência da Computação', 'Engrenharia', 'Matemática', 'Física']"
19,3.693684203417429,4,"['Ciência da Computação', 'Engrenharia', 'Matemática', 'Física']"
30,3.6622426408248288,18,"['Ciência da Computação', 'Engrenharia', 'Matemática', 'Física']"
25,2.2259632932166906,8,"['Ciência da Computação', 'Engrenharia', 'Matemática', 'Física']"
27,3.257834100284187,10,"['Ciência da Computação', 'Engrenharia', 'Matemática', 'Física']"
30,3.230644511313775,20,"['Ciência da Computação', 'Engrenharia', 'Matemática', 'Física']"
21,3.744378170264761,19,"['Ciência da Computação', 'Engrenharia', 'Matemática', 'Física']"
21,3.4902638610877967,12,"['Ciência da Computação', 'Engrenharia', 'Matemática', 'Física']"
19,2.193466006694306,11,"['Ciência da Computação', 'Engrenharia', 'Matemática', 'Física']"
25,2.971588056067079,2,"['Ciência da Computação', 'Engrenharia', 'Matemática', 'Física']"
17,2.419579321708064,16,"['Ciência da Computação', 'Engrenharia', 'Matemática', 'Física']"
27,2.310889212951057,17,"['Ciência da Computação', 'Engrenharia', 'Matemática', 'Física']"
19,2.2502716286880196,11,"['Ciência da Computação', 'Engrenharia', 'Matemática', 'Física']"
24,3.0432125556642626,14,"['Ciência da Computação', 'Engrenharia', 'Matemática', 'Física']"
29,2.35349938754393,10,"['Ciência da Computação', 'Engrenharia', 'Matemática', 'Física']"
26,2.3028755371230516,6,"['Ciência da Computação', 'Engrenharia', 'Matemática', 'Física']"
30,3.643969733214014,3,"['Ciência da Computação', 'Engrenharia', 'Matemática', 'Física']"
30,2.7262414076901464,19,"['Ciência da Computação', 'Engrenharia', 'Matemática', 'Física']"
26,3.928446386150461,18,"['Ciência da Computação', 'Engrenharia', 'Matemática', 'Física']"
23,2.0872862306541515,5,"['Ciência da Computação', 'Engrenharia', 'Matemática', 'Física']"
21,3.7645033389459277,9,"['Ciência da Computação', 'Engrenharia', 'Matemática', 'Física']"
23,3.273906064827322,19,"['Ciência da Computação', 'Engrenharia', 'Matemática', 'Física']"
22,2.3694319534169717,9,"['Ciência da Computação', 'Engrenharia', 'Matemática', 'Física']"
16,2.7931734521345772,5,"['Ciência da Computação', 'Engrenharia', 'Matemática', 'Física']"
29,2.552245079491595,14,"['Ciência da Computação', 'Engrenharia', 'Matemática', 'Física']"
16,2.2260374823570626,8,"['Ciência da Computação', 'Engrenharia', 'Matemática', 'Física']"
20,2.7180514938638414,8,"['Ciência da Computação', 'Engrenharia', 'Matemática', 'Física']"
25,2.748149028792865,14,"['Ciência da Computação', 'Engrenharia', 'Matemática', 'Física']"
27,2.6919470268072097,9,"['Ciência da Computação', 'Engrenharia', 'Matemática', 'Física']"
23,3.2982253843721514,5,"['Ciência da Computação', 'Engrenharia', 'Matemática', 'Física']"
17,3.2594413838815237,20,"['Ciência da Computação', 'Engrenharia', 'Matemática', 'Física']"
29,3.1192510503450386,3,"['Ciência da Computação', 'Engrenharia', 'Matemática', 'Física']"
16,2.8174704461611846,10,"['Ciência da Computação', 'Engrenharia', 'Matemática', 'Física']"
24,3.260958667436215,12,"['Ciência da Computação', 'Engrenharia', 'Matemática', 'Física']"
27,3.0154328993881814,18,"['Ciência da Computação', 'Engrenharia', 'Matemática', 'Física']"
28,2.872189278787353,7,"['Ciência da Computação', 'Engrenharia', 'Matemática', 'Física']"
30,3.127252378393636,3,"['Ciência da Computação', 'Engrenharia', 'Matemática', 'Física']"
23,3.245146115279649,11,"['Ciência da Computação', 'Engrenharia', 'Matemática', 'Física']"
26,2.969384392081348,8,"['Ciência da Computação', 'Engrenharia', 'Matemática', 'Física']"
16,3.1068360364974676,5,"['Ciência da Computação', 'Engrenharia', 'Matemática', 'Física']"
17,3.0862446227094793,12,"['Ciência da Computação', 'Engrenharia', 'Matemática', 'Física']"
20,3.557314973563411,1,"['Ciência da Computação', 'Engrenharia', 'Matemática', 'Física']"
24,3.2283558282226323,9,"['Ciência da Computação', 'Engrenharia', 'Matemática', 'Física']"
20,3.149699509207629,5,"['Ciência da Computação', 'Engrenharia', 'Matemática', 'Física']"
27,2.3726941682593354,18,"['Ciência da Computação', 'Engrenharia', 'Matemática', 'Física']"
29,3.2902041693211226,2,"['Ciência da Computação', 'Engrenharia', 'Matemática', 'Física']"
24,2.0772975505965645,19,"['Ciência da Computação', 'Engrenharia', 'Matemática', 'Física']"
28,3.769826986145328,4,"['Ciência da Computação', 'Engrenharia', 'Matemática', 'Física']"
23,2.4816977235648676,13,"['Ciência da Computação', 'Engrenharia', 'Matemática', 'Física']"
18,2.8110969671344863,11,"['Ciência da Computação', 'Engrenharia', 'Matemática', 'Física']"
18,2.3401133173280986,4,"['Ciência da Computação', 'Engrenharia', 'Matemática', 'Física']"
25,2.096053319962823,20,"['Ciência da Computação', 'Engrenharia', 'Matemática', 'Física']"
25,2.9024300576291577,8,"['Ciência da Computação', 'Engrenharia', 'Matemática', 'Física']"
24,3.9787547692388214,13,"['Ciência da Computação', 'Engrenharia', 'Matemática', 'Física']"
23,2.0899849750831585,3,"['Ciência da Computação', 'Engrenharia', 'Matemática', 'Física']"
27,2.446283349591524,9,"['Ciência da Computação', 'Engrenharia', 'Matemática', 'Física']"
29,2.730174754283326,17,"['Ciência da Computação', 'Engrenharia', 'Matemática', 'Física']"
22,2.474037466395258,2,"['Ciência da Computação', 'Engrenharia', 'Matemática', 'Física']"
24,2.824875115420706,9,"['Ciência da Computação', 'Engrenharia', 'Matemática', 'Física']"
25,2.451639750801201,12,"['Ciência da Computação', 'Engrenharia', 'Matemática', 'Física']"
19,3.7914781483761892,6,"['Ciência da Computação', 'Engrenharia', 'Matemática', 'Física']"
26,3.736341158426815,14,"['Ciência da Computação', 'Engrenharia', 'Matemática', 'Física']"
24,3.1618897561956336,12,"['Ciência da Computação', 'Engrenharia', 'Matemática', 'Física']"
16,3.9764775734706843,20,"['Ciência da Computação', 'Engrenharia', 'Matemática', 'Física']"
21,2.9934397713388554,12,"['Ciência da Computação', 'Engrenharia', 'Matemática', 'Física']"
24,3.539296851194576,11,"['Ciência da Computação', 'Engrenharia', 'Matemática', 'Física']"
22,2.634837748129443,4,"['Ciência da Computação', 'Engrenharia', 'Matemática', 'Física']"
27,2.491239025402365,14,"['Ciência da Computação', 'Engrenharia', 'Matemática', 'Física']"
25,2.492324140473231,8,"['Ciência da Computação', 'Engrenharia', 'Matemática', 'Física']"
28,3.668132984342109,8,"['Ciência da Computação', 'Engrenharia', 'Matemática', 'Física']"
20,3.1812608866130554,4,"['Ciência da Computação', 'Engrenharia', 'Matemática', 'Física']"
16,2.8958824270732046,3,"['Ciência da Computação', 'Engrenharia', 'Matemática', 'Física']"
30,2.839281564162953,16,"['Ciência da Computação', 'Engrenharia', 'Matemática', 'Física']"
16,3.7459473184407885,2,"['Ciência da Computação', 'Engrenharia', 'Matemática', 'Física']"
17,3.8812145009271184,5,"['Ciência da Computação', 'Engrenharia', 'Matemática', 'Física']"
18,2.5798747792287817,16,"['Ciência da Computação', 'Engrenharia', 'Matemática', 'Física']"
17,2.0511335387768366,11,"['Ciência da Computação', 'Engrenharia', 'Matemática', 'Física']"
17,3.088975551846257,1,"['Ciência da Computação', 'Engrenharia', 'Matemática', 'Física']"
22,2.2233521285389735,6,"['Ciência da Computação', 'Engrenharia', 'Matemática', 'Física']"
27,2.156529994291185,14,"['Ciência da Computação', 'Engrenharia', 'Matemática', 'Física']"
23,2.5985147308473078,14,"['Ciência da Computação', 'Engrenharia', 'Matemática', 'Física']"
25,3.422339208151537,9,"['Ciência da Computação', 'Engrenharia', 'Matemática', 'Física']"
25,3.136890872009197,4,"['Ciência da Computação', 'Engrenharia', 'Matemática', 'Física']"
19,2.8124470527416143,9,"['Ciência da Computação', 'Engrenharia', 'Matemática', 'Física']"
26,2.4378397462695434,10,"['Ciência da Computação', 'Engrenharia', 'Matemática', 'Física']"
22,3.8978187978529855,2,"['Ciência da Computação', 'Engrenharia', 'Matemática', 'Física']"
24,3.130080391757978,9,"['Ciência da Computação', 'Engrenharia', 'Matemática', 'Física']"
20,2.799325319387466,14,"['Ciência da Computação', 'Engrenharia', 'Matemática', 'Física']"
16,3.6091467583567116,15,"['Ciência da Computação', 'Engrenharia', 'Matemática', 'Física']"
20,3.9776577995008298,8,"['Ciência da Computação', 'Engrenharia', 'Matemática', 'Física']"
28,2.5070909664539327,9,"['Ciência da Computação', 'Engrenharia', 'Matemática', 'Física']"
18,3.1226182692088593,15,"['Ciência da Computação', 'Engrenharia', 'Matemática', 'Física']"
30,3.7930018900325013,18,"['Ciência da Computação', 'Engrenharia', 'Matemática', 'Física']"
20,2.6325062942511197,10,"['Ciência da Computação', 'Engrenharia', 'Matemática', 'Física']"
19,3.519012018567211,13,"['Ciência da Computação', 'Engrenharia', 'Matemática', 'Física']"
23,3.2031527887569995,3,"['Ciência da Computação', 'Engrenharia', 'Matemática', 'Física']"
27,2.6432880464159036,17,"['Ciência da Computação', 'Engrenharia', 'Matemática', 'Física']"
22,2.55316654160248,5,"['Ciência da Computação', 'Engrenharia', 'Matemática', 'Física']"
17,2.498088077931216,4,"['Ciência da Computação', 'Engrenharia', 'Matemática', 'Física']"
24,2.044436934554783,3,"['Ciência da Computação', 'Engrenharia', 'Matemática', 'Física']"
23,2.8247552804522025,4,"['Ciência da Computação', 'Engrenharia', 'Matemática', 'Física']"
28,2.4588760212076135,8,"['Ciência da Computação', 'Engrenharia', 'Matemática', 'Física']"
27,3.1478250124049607,1,"['Ciência da Computação', 'Engrenharia', 'Matemática', 'Física']"
20,2.3425777459139603,19,"['Ciência da Computação', 'Engrenharia', 'Matemática', 'Física']"
29,2.4073619813705927,7,"['Ciência da Computação', 'Engrenharia', 'Matemática', 'Física']"
23,3.4756260970103536,5,"['Ciência da Computação', 'Engrenharia', 'Matemática', 'Física']"
26,3.821956301891661,18,"['Ciência da Computação', 'Engrenharia', 'Matemática', 'Física']"
26,3.312047906686635,18,"['Ciência da Computação', 'Engrenharia', 'Matemática', 'Física']"
18,3.237357592785137,7,"['Ciência da Computação', 'Engrenharia', 'Matemática', 'Física']"
21,3.9101674780551123,9,"['Ciência da Computação', 'Engrenharia', 'Matemática', 'Física']"
17,3.8451522535037013,10,"['Ciência da Computação', 'Engrenharia', 'Matemática', 'Física']"
22,3.8662575907279795,4,"['Ciência da Computação', 'Engrenharia', 'Matemática', 'Física']"
17,3.769027904060407,19,"['Ciência da Computação', 'Engrenharia', 'Matemática', 'Física']"
28,2.8939954146576565,4,"['Ciência da Computação', 'Engrenharia', 'Matemática', 'Física']"
30,2.7715420262507693,13,"['Ciência da Computação', 'Engrenharia', 'Matemática', 'Física']"
25,2.6379219715893476,1,"['Ciência da Computação', 'Engrenharia', 'Matemática', 'Física']"
17,3.443853735911511,17,"['Ciência da Computação', 'Engrenharia', 'Matemática', 'Física']"
21,2.8147128131579855,4,"['Ciência da Computação', 'Engrenharia', 'Matemática', 'Física']"
23,3.2200493907411847,2,"['Ciência da Computação', 'Engrenharia', 'Matemática', 'Física']"
29,3.5736814758305684,3,"['Ciência da Computação', 'Engrenharia', 'Matemática', 'Física']"
19,2.2648521812999958,6,"['Ciência da Computação', 'Engrenharia', 'Matemática', 'Física']"
23,3.8574226157132205,11,"['Ciência da Computação', 'Engrenharia', 'Matemática', 'Física']"
21,3.1087726762791457,4,"['Ciência da Computação', 'Engrenharia', 'Matemática', 'Física']"
26,3.2509208571168706,5,"['Ciência da Computação', 'Engrenharia', 'Matemática', 'Física']"
30,2.5639847326464844,14,"['Ciência da Computação', 'Engrenharia', 'Matemática', 'Física']"
24,2.712365003347517,3,"['Ciência da Computação', 'Engrenharia', 'Matemática', 'Física']"
30,3.7590988020574923,13,"['Ciência da Computação', 'Engrenharia', 'Matemática', 'Física']"
28,2.289557077986825,4,"['Ciência da Computação', 'Engrenharia', 'Matemática', 'Física']"
24,3.4541624843392436,5,"['Ciência da Computação', 'Engrenharia', 'Matemática', 'Física']"
30,3.3828937851281196,14,"['Ciência da Computação', 'Engrenharia', 'Matemática', 'Física']"
19,3.5597117310196498,12,"['Ciência da Computação', 'Engrenharia', 'Matemática', 'Física']"
27,2.9270412800538534,12,"['Ciência da Computação', 'Engrenharia', 'Matemática', 'Física']"
17,2.4707722479550616,11,"['Ciência da Computação', 'Engrenharia', 'Matemática', 'Física']"
16,3.1616019578399177,18,"['Ciência da Computação', 'Engrenharia', 'Matemática', 'Física']"
19,3.3746901711443558,4,"['Ciência da Computação', 'Engrenharia', 'Matemática', 'Física']"
23,3.54337112790819,15,"['Ciência da Computação', 'Engrenharia', 'Matemática', 'Física']"
30,3.9432026344647197,2,"['Ciência da Computação', 'Engrenharia', 'Matemática', 'Física']"
21,2.6492241129659932,12,"['Ciência da Computação', 'Engrenharia', 'Matemática', 'Física']"
16,3.055690406831097,4,"['Ciência da Computação', 'Engrenharia', 'Matemática', 'Física']"
28,3.3399247477917386,15,"['Ciência da Computação', 'Engrenharia', 'Matemática', 'Física']"
20,3.5706101290442716,9,"['Ciência da Computação', 'Engrenharia', 'Matemática', 'Física']"
29,3.589442014715341,18,"['Ciência da Computação', 'Engrenharia', 'Matemática', 'Física']"
25,2.8158810305779998,19,"['Ciência da Computação', 'Engrenharia', 'Matemática', 'Física']"
20,3.150164845675118,3,"['Ciência da Computação', 'Engrenharia', 'Matemática', 'Física']"
24,3.763677450909811,6,"['Ciência da Computação', 'Engrenharia', 'Matemática', 'Física']"
21,3.5013570793482796,14,"['Ciência da Computação', 'Engrenharia', 'Matemática', 'Física']"
28,2.8045071612373373,4,"['Ciência da Computação', 'Engrenharia', 'Matemática', 'Física']"
21,3.5462408445741174,4,"['Ciência da Computação', 'Engrenharia', 'Matemática', 'Física']"
27,2.4310552684167095,16,"['Ciência da Computação', 'Engrenharia', 'Matemática', 'Física']"
18,3.5471844562675705,3,"['Ciência da Computação', 'Engrenharia', 'Matemática', 'Física']"
25,2.0126416479834894,6,"['Ciência da Computação', 'Engrenharia', 'Matemática', 'Física']"
16,2.5446547064120417,15,"['Ciência da Computação', 'Engrenharia', 'Matemática', 'Física']"
30,2.769919269578879,18,"['Ciência da Computação', 'Engrenharia', 'Matemática', 'Física']"
24,2.1691031435944224,7,"['Ciência da Computação', 'Engrenharia', 'Matemática', 'Física']"
30,2.5520176844705187,6,"['Ciência da Computação', 'Engrenharia', 'Matemática', 'Física']"
22,2.532297853681831,20,"['Ciência da Computação', 'Engrenharia', 'Matemática', 'Física']"
23,2.649280451094711,1,"['Ciência da Computação', 'Engrenharia', 'Matemática', 'Física']"
21,3.682071646640166,8,"['Ciência da Computação', 'Engrenharia', 'Matemática', 'Física']"
21,2.472140194999196,5,"['Ciência da Computação', 'Engrenharia', 'Matemática', 'Física']"
27,2.025542048874642,11,"['Ciência da Computação', 'Engrenharia', 'Matemática', 'Física']"
18,3.4620409055014982,14,"['Ciência da Computação', 'Engrenharia', 'Matemática', 'Física']"
30,3.0340302989625885,20,"['Ciência da Computação', 'Engrenharia', 'Matemática', 'Física']"
25,2.7281442211460702,8,"['Ciência da Computação', 'Engrenharia', 'Matemática', 'Física']"
28,3.5979159300552457,17,"['Ciência da Computação', 'Engrenharia', 'Matemática', 'Física']"
23,2.3305255788198727,15,"['Ciência da Computação', 'Engrenharia', 'Matemática', 'Física']"
25,3.334956104430041,13,"['Ciência da Computação', 'Engrenharia', 'Matemática', 'Física']"
16,3.300314588846925,20,"['Ciência da Computação', 'Engrenharia', 'Matemática', 'Física']"
30,2.35875422123086,16,"['Ciência da Computação', 'Engrenharia', 'Matemática', 'Física']"
30,3.961799117070907,20,"['Ciência da Computação', 'Engrenharia', 'Matemática', 'Física']"
27,3.775454373316297,5,"['Ciência da Computação', 'Engrenharia', 'Matemática', 'Física']"
28,3.438416048980689,8,"['Ciência da Computação', 'Engrenharia', 'Matemática', 'Física']"
21,3.273059618538869,12,"['Ciência da Computação', 'Engrenharia', 'Matemática', 'Física']"
18,2.2249988164010306,13,"['Ciência da Computação', 'Engrenharia', 'Matemática', 'Física']"
20,3.4810256772370756,2,"['Ciência da Computação', 'Engrenharia', 'Matemática', 'Física']"
28,2.5741775100048963,9,"['Ciência da Computação', 'Engrenharia', 'Matemática', 'Física']"
27,2.7240300175053838,14,"['Ciência da Computação', 'Engrenharia', 'Matemática', 'Física']"
20,2.8134956716063506,5,"['Ciência da Computação', 'Engrenharia', 'Matemática', 'Física']"
22,2.3618783911481955,13,"['Ciência da Computação', 'Engrenharia', 'Matemática', 'Física']"
27,2.0929147185025325,15,"['Ciência da Computação', 'Engrenharia', 'Matemática', 'Física']"
20,2.006942298328567,16,"['Ciência da Computação', 'Engrenharia', 'Matemática', 'Física']"
22,3.9118651271637805,18,"['Ciência da Computação', 'Engrenharia', 'Matemática', 'Física']"
30,3.724016688282311,6,"['Ciência da Computação', 'Engrenharia', 'Matemática', 'Física']"
27,3.953362251606577,16,"['Ciência da Computação', 'Engrenharia', 'Matemática', 'Física']"
22,2.2085592425368095,5,"['Ciência da Computação', 'Engrenharia', 'Matemática', 'Física']"
24,2.9912955751256756,1,"['Ciência da Computação', 'Engrenharia', 'Matemática', 'Física']"
28,3.798947726404708,16,"['Ciência da Computação', 'Engrenharia', 'Matemática', 'Física']"
30,2.8332760682454117,3,"['Ciência da Computação', 'Engrenharia', 'Matemática', 'Física']"
24,3.772869028276049,9,"['Ciência da Computação', 'Engrenharia', 'Matemática', 'Física']"
30,3.051860165645791,15,"['Ciência da Computação', 'Engrenharia', 'Matemática', 'Física']"
18,2.6712168765827276,9,"['Ciência da Computação', 'Engrenharia', 'Matemática', 'Física']"
24,2.5250217392905183,2,"['Ciência da Computação', 'Engrenharia', 'Matemática', 'Física']"
21,2.596940348166185,13,"['Ciência da Computação', 'Engrenharia', 'Matemática', 'Física']"
18,3.4556679424158396,10,"['Ciência da Computação', 'Engrenharia', 'Matemática', 'Física']"
30,2.3334606976914944,10,"['Ciência da Computação', 'Engrenharia', 'Matemática', 'Física']"
24,3.45361560228267,4,"['Ciência da Computação', 'Engrenharia', 'Matemática', 'Física']"
22,2.292978118154324,11,"['Ciência da Computação', 'Engrenharia', 'Matemática', 'Física']"
17,2.8102427075739627,1,"['Ciência da Computação', 'Engrenharia', 'Matemática', 'Física']"
29,2.866826948213331,12,"['Ciência da Computação', 'Engrenharia', 'Matemática', 'Física']"
28,3.1540286123856385,5,"['Ciência da Computação', 'Engrenharia', 'Matemática', 'Física']"
16,3.6282489252333963,16,"['Ciência da Computação', 'Engrenharia', 'Matemática', 'Física']"
22,3.0709578519266825,1,"['Ciência da Computação', 'Engrenharia', 'Matemática', 'Física']"
30,3.6221311423700335,16,"['Ciência da Computação', 'Engrenharia', 'Matemática', 'Física']"
19,3.526566826080221,12,"['Ciência da Computação', 'Engrenharia', 'Matemática', 'Física']"
28,3.638084794929595,7,"['Ciência da Computação', 'Engrenharia', 'Matemática', 'Física']"
19,3.6642578355368642,3,"['Ciência da Computação', 'Engrenharia', 'Matemática', 'Física']"
24,3.4112878681233036,2,"['Ciência da Computação', 'Engrenharia', 'Matemática', 'Física']"
19,2.2790451344449307,14,"['Ciência da Computação', 'Engrenharia', 'Matemática', 'Física']"
25,2.400025175422844,3,"['Ciência da Computação', 'Engrenharia', 'Matemática', 'Física']"
23,2.015307334928444,8,"['Ciência da Computação', 'Engrenharia', 'Matemática', 'Física']"
17,2.3224534206943606,18,"['Ciência da Computação', 'Engrenharia', 'Matemática', 'Física']"
26,3.5976755983863615,16,"['Ciência da Computação', 'Engrenharia', 'Matemática', 'Física']"
30,3.5892723278351033,14,"['Ciência da Computação', 'Engrenharia', 'Matemática', 'Física']"
30,2.6413095737731034,10,"['Ciência da Computação', 'Engrenharia', 'Matemática', 'Física']"
23,3.8090971956723525,12,"['Ciência da Computação', 'Engrenharia', 'Matemática', 'Física']"
23,2.855202076383181,15,"['Ciência da Computação', 'Engrenharia', 'Matemática', 'Física']"
17,3.808831775652715,20,"['Ciência da Computação', 'Engrenharia', 'Matemática', 'Física']"
23,3.276004366386662,15,"['Ciência da Computação', 'Engrenharia', 'Matemática', 'Física']"
16,3.7358846113999196,19,"['Ciência da Computação', 'Engrenharia', 'Matemática', 'Física']"
30,3.28169437730734,14,"['Ciência da Computação', 'Engrenharia', 'Matemática', 'Física']"
20,2.244946402823012,7,"['Ciência da Computação', 'Engrenharia', 'Matemática', 'Física']"
16,3.4844698844290702,1,"['Ciência da Computação', 'Engrenharia', 'Matemática', 'Física']"
22,3.9862937442852546,3,"['Ciência da Computação', 'Engrenharia', 'Matemática', 'Física']"
28,3.2443049698505524,12,"['Ciência da Computação', 'Engrenharia', 'Matemática', 'Física']"
16,2.438494651053211,5,"['Ciência da Computação', 'Engrenharia', 'Matemática', 'Física']"
28,2.7017774276276927,5,"['Ciência da Computação', 'Engrenharia', 'Matemática', 'Física']"
26,2.1660590815432057,5,"['Ciência da Computação', 'Engrenharia', 'Matemática', 'Física']"
28,2.358203258349979,14,"['Ciência da Computação', 'Engrenharia', 'Matemática', 'Física']"
23,3.405588228544323,5,"['Ciência da Computação', 'Engrenharia', 'Matemática', 'Física']"
28,3.443672291630644,13,"['Ciência da Computação', 'Engrenharia', 'Matemática', 'Física']"
19,3.642293298636176,11,"['Ciência da Computação', 'Engrenharia', 'Matemática', 'Física']"
23,2.7634287437747376,13,"['Ciência da Computação', 'Engrenharia', 'Matemática', 'Física']"
23,2.444586560403035,15,"['Ciência da Computação', 'Engrenharia', 'Matemática', 'Física']"
25,2.4348342422582783,8,"['Ciência da Computação', 'Engrenharia', 'Matemática', 'Física']"
30,2.2548992058998136,3,"['Ciência da Computação', 'Engrenharia', 'Matemática', 'Física']"
21,2.952245441927817,14,"['Ciência da Computação', 'Engrenharia', 'Matemática', 'Física']"
24,2.286305444212455,8,"['Ciência da Computação', 'Engrenharia', 'Matemática', 'Física']"
19,2.9031172813474893,11,"['Ciência da Computação', 'Engrenharia', 'Matemática', 'Física']"
30,2.566217441427841,12,"['Ciência da Computação', 'Engrenharia', 'Matemática', 'Física']"
24,3.244560427751143,5,"['Ciência da Computação', 'Engrenharia', 'Matemática', 'Física']"
27,2.4449134560717702,20,"['Ciência da Computação', 'Engrenharia', 'Matemática', 'Física']"
16,2.8653797841334385,19,"['Ciência da Computação', 'Engrenharia', 'Matemática', 'Física']"
29,3.9921525998508707,12,"['Ciência da Computação', 'Engrenharia', 'Matemática', 'Física']"
18,2.8390319371191213,9,"['Ciência da Computação', 'Engrenharia', 'Matemática', 'Física']"
23,3.7375168953544318,13,"['Ciência da Computação', 'Engrenharia', 'Matemática', 'Física']"
21,2.30507081175453,10,"['Ciência da Computação', 'Engrenharia', 'Matemática', 'Física']"
20,3.5241624326541654,14,"['Ciência da Computação', 'Engrenharia', 'Matemática', 'Física']"
22,3.7112477437291442,11,"['Ciência da Computação', 'Engrenharia', 'Matemática', 'Física']"
26,2.285576602188846,17,"['Ciência da Computação', 'Engrenharia', 'Matemática', 'Física']"
18,3.997824959535925,20,"['Ciência da Computação', 'Engrenharia', 'Matemática', 'Física']"
27,2.523621779515403,7,"['Ciência da Computação', 'Engrenharia', 'Matemática', 'Física']"
27,3.4398833340405925,4,"['Ciência da Computação', 'Engrenharia', 'Matemática', 'Física']"
28,3.446705272926767,20,"['Ciência da Computação', 'Engrenharia', 'Matemática', 'Física']"
17,3.588257545036132,6,"['Ciência da Computação', 'Engrenharia', 'Matemática', 'Física']"
16,3.9552972581219206,17,"['Ciência da Computação', 'Engrenharia', 'Matemática', 'Física']"
24,3.089638239646952,10,"['Ciência da Computação', 'Engrenharia', 'Matemática', 'Física']"
26,2.715085342656115,20,"['Ciência da Computação', 'Engrenharia', 'Matemática', 'Física']"
20,2.421636767209983,15,"['Ciência da Computação', 'Engrenharia', 'Matemática', 'Física']"
30,3.303484940039322,10,"['Ciência da Computação', 'Engrenharia', 'Matemática', 'Física']"
17,2.436035527908766,18,"['Ciência da Computação', 'Engrenharia', 'Matemática', 'Física']"
26,2.7264350921546896,12,"['Ciência da Computação', 'Engrenharia', 'Matemática', 'Física']"
29,3.7917385246506132,18,"['Ciência da Computação', 'Engrenharia', 'Matemática', 'Física']"
27,3.789989190748356,6,"['Ciência da Computação', 'Engrenharia', 'Matemática', 'Física']"
23,3.0350000409707087,5,"['Ciência da Computação', 'Engrenharia', 'Matemática', 'Física']"
18,2.1791650786939876,18,"['Ciência da Computação', 'Engrenharia', 'Matemática', 'Física']"
26,2.115086944863138,5,"['Ciência da Computação', 'Engrenharia', 'Matemática', 'Física']"
24,2.6660103497037704,18,"['Ciência da Computação', 'Engrenharia', 'Matemática', 'Física']"
20,3.7188870910268577,9,"['Ciência da Computação', 'Engrenharia', 'Matemática', 'Física']"
18,2.828463021961406,15,"['Ciência da Computação', 'Engrenharia', 'Matemática', 'Física']"
22,3.8788857940068153,12,"['Ciência da Computação', 'Engrenharia', 'Matemática', 'Física']"
18,2.3441562570894003,19,"['Ciência da Computação', 'Engrenharia', 'Matemática', 'Física']"
18,3.1273150344393565,1,"['Ciência da Computação', 'Engrenharia', 'Matemática', 'Física']"
18,3.614970971611478,4,"['Ciência da Computação', 'Engrenharia', 'Matemática', 'Física']"
23,3.123720409040285,3,"['Ciência da Computação', 'Engrenharia', 'Matemática', 'Física']"
18,2.9757262866093575,14,"['Ciência da Computação', 'Engrenharia', 'Matemática', 'Física']"
26,2.0032372889074983,14,"['Ciência da Computação', 'Engrenharia', 'Matemática', 'Física']"
28,2.70833288221563,16,"['Ciência da Computação', 'Engrenharia', 'Matemática', 'Física']"
17,2.378182562158379,14,"['Ciência da Computação', 'Engrenharia', 'Matemática', 'Física']"
20,2.470344226266012,4,"['Ciência da Computação', 'Engrenharia', 'Matemática', 'Física']"
30,3.048209467696081,20,"['Ciência da Computação', 'Engrenharia', 'Matemática', 'Física']"
22,2.5397557557364987,8,"['Ciência da Computação', 'Engrenharia', 'Matemática', 'Física']"
24,3.732642561444915,1,"['Ciência da Computação', 'Engrenharia', 'Matemática', 'Física']"
28,3.943460748657974,20,"['Ciência da Computação', 'Engrenharia', 'Matemática', 'Física']"
30,3.382549548187918,8,"['Ciência da Computação', 'Engrenharia', 'Matemática', 'Física']"
27,2.953840417027874,9,"['Ciência da Computação', 'Engrenharia', 'Matemática', 'Física']"
19,3.82028769379035,7,"['Ciência da Computação', 'Engrenharia', 'Matemática', 'Física']"
24,3.656294921852321,15,"['Ciência da Computação', 'Engrenharia', 'Matemática', 'Física']"
27,3.2346170482364194,14,"['Ciência da Computação', 'Engrenharia', 'Matemática', 'Física']"
30,3.6342257394695006,8,"['Ciência da Computação', 'Engrenharia', 'Matemática', 'Física']"
30,2.7504958228285528,9,"['Ciência da Computação', 'Engrenharia', 'Matemática', 'Física']"
26,2.9701923606279315,6,"['Ciência da Computação', 'Engrenharia', 'Matemática', 'Física']"
28,3.2401453639770206,13,"['Ciência da Computação', 'Engrenharia', 'Matemática', 'Física']"
17,2.0726190494421477,1,"['Ciência da Computação', 'Engrenharia', 'Matemática', 'Física']"
27,2.03115523346725,15,"['Ciência da Computação', 'Engrenharia', 'Matemática', 'Física']"
27,2.0903102128722058,20,"['Ciência da Computação', 'Engrenharia', 'Matemática', 'Física']"
17,3.3537398958481903,19,"['Ciência da Computação', 'Engrenharia', 'Matemática', 'Física']"
26,2.220939957715916,14,"['Ciência da Computação', 'Engrenharia', 'Matemática', 'Física']"
22,3.7779532762903694,6,"['Ciência da Computação', 'Engrenharia', 'Matemática', 'Física']"
19,2.089773104038292,8,"['Ciência da Computação', 'Engrenharia', 'Matemática', 'Física']"
23,2.948822130158012,20,"['Ciência da Computação', 'Engrenharia', 'Matemática', 'Física']"
30,2.130180727718811,18,"['Ciência da Computação', 'Engrenharia', 'Matemática', 'Física']"
24,3.7591926970087375,5,"['Ciência da Computação', 'Engrenharia', 'Matemática', 'Física']"
28,2.526478911637409,6,"['Ciência da Computação', 'Engrenharia', 'Matemática', 'Física']"
16,2.966564180751228,19,"['Ciência da Computação', 'Engrenharia', 'Matemática', 'Física']"
27,3.4183828943265566,8,"['Ciência da Computação', 'Engrenharia', 'Matemática', 'Física']"
19,2.6890033630572407,12,"['Ciência da Computação', 'Engrenharia', 'Matemática', 'Física']"
21,2.8524962804168412,14,"['Ciência da Computação', 'Engrenharia', 'Matemática', 'Física']"
27,3.4711544341217735,8,"['Ciência da Computação', 'Engrenharia', 'Matemática', 'Física']"
17,3.6069021625883098,16,"['Ciência da Computação', 'Engrenharia', 'Matemática', 'Física']"
24,3.599797143017766,19,"['Ciência da Computação', 'Engrenharia', 'Matemática', 'Física']"
21,3.8081569614887725,4,"['Ciência da Computação', 'Engrenharia', 'Matemática', 'Física']"
27,2.2943350501940314,19,"['Ciência da Computação', 'Engrenharia', 'Matemática', 'Física']"
16,2.692151872590368,1,"['Ciência da Computação', 'Engrenharia', 'Matemática', 'Física']"
25,2.5577631983927747,20,"['Ciência da Computação', 'Engrenharia', 'Matemática', 'Física']"
29,3.6600915735979154,2,"['Ciência da Computação', 'Engrenharia', 'Matemática', 'Física']"
20,2.8144520935380206,10,"['Ciência da Computação', 'Engrenharia', 'Matemática', 'Física']"
19,2.1808632111620865,18,"['Ciência da Computação', 'Engrenharia', 'Matemática', 'Física']"
29,2.650532945388173,13,"['Ciência da Computação', 'Engrenharia', 'Matemática', 'Física']"
21,2.21005132778233,9,"['Ciência da Computação', 'Engrenharia', 'Matemática', 'Física']"
18,3.332775892139252,17,"['Ciência da Computação', 'Engrenharia', 'Matemática', 'Física']"
25,3.810831918246076,11,"['Ciência da Computação', 'Engrenharia', 'Matemática', 'Física']"
20,2.3552240699149896,8,"['Ciência da Computação', 'Engrenharia', 'Matemática', 'Física']"
29,2.111278213141304,1,"['Ciência da Computação', 'Engrenharia', 'Matemática', 'Física']"
19,2.7423931118997533,17,"['Ciência da Computação', 'Engrenharia', 'Matemática', 'Física']"
21,3.745327983613719,16,"['Ciência da Computação', 'Engrenharia', 'Matemática', 'Física']"
26,3.5131452188885977,10,"['Ciência da Computação', 'Engrenharia', 'Matemática', 'Física']"
28,3.9855308012879886,10,"['Ciência da Computação', 'Engrenharia', 'Matemática', 'Física']"
27,2.062722390857994,13,"['Ciência da Computação', 'Engrenharia', 'Matemática', 'Física']"
16,3.9235029103044967,12,"['Ciência da Computação', 'Engrenharia', 'Matemática', 'Física']"
22,3.41415683220287,16,"['Ciência da Computação', 'Engrenharia', 'Matemática', 'Física']"
29,3.218961795612971,9,"['Ciência da Computação', 'Engrenharia', 'Matemática', 'Física']"
16,2.8843567350891632,6,"['Ciência da Computação', 'Engrenharia', 'Matemática', 'Física']"
20,3.794715588989248,17,"['Ciência da Computação', 'Engrenharia', 'Matemática', 'Física']"
25,2.4302126978647403,7,"['Ciência da Computação', 'Engrenharia', 'Matemática', 'Física']"
22,2.505422806386874,16,"['Ciência da Computação', 'Engrenharia', 'Matemática', 'Física']"
20,2.033859489478225,1,"['Ciência da Computação', 'Engrenharia', 'Matemática', 'Física']"
29,2.4295959828916507,18,"['Ciência da Computação', 'Engrenharia', 'Matemática', 'Física']"
28,2.052842331183169,3,"['Ciência da Computação', 'Engrenharia', 'Matemática', 'Física']"
18,2.156738609948599,1,"['Ciência da Computação', 'Engrenharia', 'Matemática', 'Física']"
21,2.8454063148776663,13,"['Ciência da Computação', 'Engrenharia', 'Matemática', 'Física']"
26,2.856527625420071,7,"['Ciência da Computação', 'Engrenharia', 'Matemática', 'Física']"
22,2.5087958990965875,9,"['Ciência da Computação', 'Engrenharia', 'Matemática', 'Física']"
29,2.4387326848825284,6,"['Ciência da Computação', 'Engrenharia', 'Matemática', 'Física']"
20,3.941810762639138,15,"['Ciência da Computação', 'Engrenharia', 'Matemática', 'Física']"
16,3.2092803676321844,2,"['Ciência da Computação', 'Engrenharia', 'Matemática', 'Física']"
28,3.2117461905703526,6,"['Ciência da Computação', 'Engrenharia', 'Matemática', 'Física']"
23,2.384736854180465,18,"['Ciência da Computação', 'Engrenharia', 'Matemática', 'Física']"
18,3.188950469918174,14,"['Ciência da Computação', 'Engrenharia', 'Matemática', 'Física']"
16,3.074470201806858,9,"['Ciência da Computação', 'Engrenharia', 'Matemática', 'Física']"
23,2.16583134423626,18,"['Ciência da Computação', 'Engrenharia', 'Matemática', 'Física']"
18,3.531277516257636,17,"['Ciência da Computação', 'Engrenharia', 'Matemática', 'Física']"
17,2.3035955557252974,8,"['Ciência da Computação', 'Engrenharia', 'Matemática', 'Física']"
25,2.4703347404872265,10,"['Ciência da Computação', 'Engrenharia', 'Matemática', 'Física']"
20,2.624873912006555,11,"['Ciência da Computação', 'Engrenharia', 'Matemática', 'Física']"
20,2.257123815597809,11,"['Ciência da Computação', 'Engrenharia', 'Matemática', 'Física']"
18,2.419994813599517,9,"['Ciência da Computação', 'Engrenharia', 'Matemática', 'Física']"
20,2.1941557920989556,20,"['Ciência da Computação', 'Engrenharia', 'Matemática', 'Física']"
18,3.843385159056294,2,"['Ciência da Computação', 'Engrenharia', 'Matemática', 'Física']"
16,2.2593739852050554,15,"['Ciência da Computação', 'Engrenharia', 'Matemática', 'Física']"
17,2.4672464618411456,10,"['Ciência da Computação', 'Engrenharia', 'Matemática', 'Física']"
27,3.520280225015771,4,"['Ciência da Computação', 'Engrenharia', 'Matemática', 'Física']"
23,3.7528682120857972,9,"['Ciência da Computação', 'Engrenharia', 'Matemática', 'Física']"
19,3.330090542726901,2,"['Ciência da Computação', 'Engrenharia', 'Matemática', 'Física']"
28,2.7918327498849473,16,"['Ciência da Computação', 'Engrenharia', 'Matemática', 'Física']"
26,3.9462663956462323,5,"['Ciência da Computação', 'Engrenharia', 'Matemática', 'Física']"
21,3.308811712957171,15,"['Ciência da Computação', 'Engrenharia', 'Matemática', 'Física']"
27,3.5721757185061396,8,"['Ciência da Computação', 'Engrenharia', 'Matemática', 'Física']"
25,3.5654244512183664,17,"['Ciência da Computação', 'Engrenharia', 'Matemática', 'Física']"
22,3.669794299466628,4,"['Ciência da Computação', 'Engrenharia', 'Matemática', 'Física']"
25,2.5815820185696854,9,"['Ciência da Computação', 'Engrenharia', 'Matemática', 'Física']"
28,2.7388926513199903,20,"['Ciência da Computação', 'Engrenharia', 'Matemática', 'Física']"
29,2.382210401824281,16,"['Ciência da Computação', 'Engrenharia', 'Matemática', 'Física']"
22,2.40645613960897,9,"['Ciência da Computação', 'Engrenharia', 'Matemática', 'Física']"
19,2.3444402146781975,17,"['Ciência da Computação', 'Engrenharia', 'Matemática', 'Física']"
19,2.108880779719306,7,"['Ciência da Computação', 'Engrenharia', 'Matemática', 'Física']"
21,2.726235824463083,11,"['Ciência da Computação', 'Engrenharia', 'Matemática', 'Física']"
20,2.286644788450977,12,"['Ciência da Computação', 'Engrenharia', 'Matemática', 'Física']"
18,2.851887596556466,9,"['Ciência da Computação', 'Engrenharia', 'Matemática', 'Física']"
19,2.1262290890387954,19,"['Ciência da Computação', 'Engrenharia', 'Matemática', 'Física']"
16,3.644765801237255,14,"['Ciência da Computação', 'Engrenharia', 'Matemática', 'Física']"
22,2.8524697670316277,5,"['Ciência da Computação', 'Engrenharia', 'Matemática', 'Física']"
17,2.4664868201950556,9,"['Ciência da Computação', 'Engrenharia', 'Matemática', 'Física']"
26,3.5704639458653897,1,"['Ciência da Computação', 'Engrenharia', 'Matemática', 'Física']"
29,3.1025502468567487,11,"['Ciência da Computação', 'Engrenharia', 'Matemática', 'Física']"
20,2.8477357849955736,3,"['Ciência da Computação', 'Engrenharia', 'Matemática', 'Física']"
20,2.7323286330312313,14,"['Ciência da Computação', 'Engrenharia', 'Matemática', 'Física']"
21,2.099035561501376,13,"['Ciência da Computação', 'Engrenharia', 'Matemática', 'Física']"
19,2.907128000913306,3,"['Ciência da Computação', 'Engrenharia', 'Matemática', 'Física']"
28,3.4977231931672232,17,"['Ciência da Computação', 'Engrenharia', 'Matemática', 'Física']"
23,3.65601795173719,6,"['Ciência da Computação', 'Engrenharia', 'Matemática', 'Física']"
18,2.931927163626054,6,"['Ciência da Computação', 'Engrenharia', 'Matemática', 'Física']"
30,2.379748882390613,8,"['Ciência da Computação', 'Engrenharia', 'Matemática', 'Física']"
20,3.082774380920747,12,"['Ciência da Computação', 'Engrenharia', 'Matemática', 'Física']"
28,3.876255266717581,1,"['Ciência da Computação', 'Engrenharia', 'Matemática', 'Física']"
29,2.449899673825201,20,"['Ciência da Computação', 'Engrenharia', 'Matemática', 'Física']"
25,3.465955131086585,16,"['Ciência da Computação', 'Engrenharia', 'Matemática', 'Física']"
16,3.1321368947106,12,"['Ciência da Computação', 'Engrenharia', 'Matemática', 'Física']"
18,2.3900877605806787,2,"['Ciência da Computação', 'Engrenharia', 'Matemática', 'Física']"
27,2.0923357920720314,18,"['Ciência da Computação', 'Engrenharia', 'Matemática', 'Física']"
27,2.8009374960692317,4,"['Ciência da Computação', 'Engrenharia', 'Matemática', 'Física']"
18,3.026317044411328,9,"['Ciência da Computação', 'Engrenharia', 'Matemática', 'Física']"
25,3.086600433908191,12,"['Ciência da Computação', 'Engrenharia', 'Matemática', 'Física']"
20,3.1593533842054167,13,"['Ciência da Computação', 'Engrenharia', 'Matemática', 'Física']"
22,2.8560610802108015,9,"['Ciência da Computação', 'Engrenharia', 'Matemática', 'Física']"
24,2.7682056952947587,12,"['Ciência da Computação', 'Engrenharia', 'Matemática', 'Física']"
24,3.128768205740931,19,"['Ciência da Computação', 'Engrenharia', 'Matemática', 'Física']"
21,2.8125302461883237,18,"['Ciência da Computação', 'Engrenharia', 'Matemática', 'Física']"
26,2.1657710562646124,16,"['Ciência da Computação', 'Engrenharia', 'Matemática', 'Física']"
27,2.5183049519789256,7,"['Ciência da Computação', 'Engrenharia', 'Matemática', 'Física']"
23,3.1422470012855275,20,"['Ciência da Computação', 'Engrenharia', 'Matemática', 'Física']"
29,3.514915487229619,17,"['Ciência da Computação', 'Engrenharia', 'Matemática', 'Física']"
25,2.402136660580575,14,"['Ciência da Computação', 'Engrenharia', 'Matemática', 'Física']"
16,3.2932536370164005,4,"['Ciência da Computação', 'Engrenharia', 'Matemática', 'Física']"
27,3.576292473943483,6,"['Ciência da Computação', 'Engrenharia', 'Matemática', 'Física']"
25,2.3159382872903325,15,"['Ciência da Computação', 'Engrenharia', 'Matemática', 'Física']"
20,3.878062699961991,17,"['Ciência da Computação', 'Engrenharia', 'Matemática', 'Física']"
18,3.430511658332494,18,"['Ciência da Computação', 'Engrenharia', 'Matemática', 'Física']"
27,3.65699969179752,2,"['Ciência da Computação', 'Engrenharia', 'Matemática', 'Física']"
27,2.8136271927097276,14,"['Ciência da Computação', 'Engrenharia', 'Matemática', 'Física']"
26,2.34940419872167,6,"['Ciência da Computação', 'Engrenharia', 'Matemática', 'Física']"
20,2.956106619097366,6,"['Ciência da Computação', 'Engrenharia', 'Matemática', 'Física']"
20,2.5444817229007946,2,"['Ciência da Computação', 'Engrenharia', 'Matemática', 'Física']"
20,3.5804706693801185,2,"['Ciência da Computação', 'Engrenharia', 'Matemática', 'Física']"
18,2.3844741266536627,8,"['Ciência da Computação', 'Engrenharia', 'Matemática', 'Física']"
20,2.260248422919579,4,"['Ciência da Computação', 'Engrenharia', 'Matemática', 'Física']"
25,3.864223697380292,5,"['Ciência da Computação', 'Engrenharia', 'Matemática', 'Física']"
17,3.6540424917588394,5,"['Ciência da Computação', 'Engrenharia', 'Matemática', 'Física']"
16,3.0592171992432418,13,"['Ciência da Computação', 'Engrenharia', 'Matemática', 'Física']"
29,2.60510864253148,8,"['Ciência da Computação', 'Engrenharia', 'Matemática', 'Física']"
27,3.2188110719692613,7,"['Ciência da Computação', 'Engrenharia', 'Matemática', 'Física']"
22,2.429916130234229,17,"['Ciência da Computação', 'Engrenharia', 'Matemática', 'Física']"
23,2.89016815945079,16,"['Ciência da Computação', 'Engrenharia', 'Matemática', 'Física']"
19,3.078851823574153,6,"['Ciência da Computação', 'Engrenharia', 'Matemática', 'Física']"
16,3.7784363791099844,16,"['Ciência da Computação', 'Engrenharia', 'Matemática', 'Física']"
21,3.8346008045141904,19,"['Ciência da Computação', 'Engrenharia', 'Matemática', 'Física']"
26,3.2826002002640466,7,"['Ciência da Computação', 'Engrenharia', 'Matemática', 'Física']"
22,2.9851585618985155,14,"['Ciência da Computação', 'Engrenharia', 'Matemática', 'Física']"
16,3.523961270387755,14,"['Ciência da Computação', 'Engrenharia', 'Matemática', 'Física']"
21,3.2930881709580624,1,"['Ciência da Computação', 'Engrenharia', 'Matemática', 'Física']"
26,2.7067017717151494,20,"['Ciência da Computação', 'Engrenharia', 'Matemática', 'Física']"
27,2.4625883055412534,14,"['Ciência da Computação', 'Engrenharia', 'Matemática', 'Física']"
24,2.8793410323168604,7,"['Ciência da Computação', 'Engrenharia', 'Matemática', 'Física']"
17,2.0593096401445656,12,"['Ciência da Computação', 'Engrenharia', 'Matemática', 'Física']"
25,3.8760041574973965,8,"['Ciência da Computação', 'Engrenharia', 'Matemática', 'Física']"
17,3.1447104218414856,15,"['Ciência da Computação', 'Engrenharia', 'Matemática', 'Física']"
23,3.0355298054867257,15,"['Ciência da Computação', 'Engrenharia', 'Matemática', 'Física']"
19,2.7020239473192857,6,"['Ciência da Computação', 'Engrenharia', 'Matemática', 'Física']"
23,3.4741756496945104,13,"['Ciência da Computação', 'Engrenharia', 'Matemática', 'Física']"
18,2.6622510312278775,18,"['Ciência da Computação', 'Engrenharia', 'Matemática', 'Física']"
27,3.07377397100995,7,"['Ciência da Computação', 'Engrenharia', 'Matemática', 'Física']"
28,3.0518852613393532,4,"['Ciência da Computação', 'Engrenharia', 'Matemática', 'Física']"
18,2.884205036957659,2,"['Ciência da Computação', 'Engrenharia', 'Matemática', 'Física']"
26,2.5740994892427818,12,"['Ciência da Computação', 'Engrenharia', 'Matemática', 'Física']"
24,2.751559409604508,7,"['Ciência da Computação', 'Engrenharia', 'Matemática', 'Física']"
17,2.3027366826025064,13,"['Ciência da Computação', 'Engrenharia', 'Matemática', 'Física']"
22,2.636561393276488,20,"['Ciência da Computação', 'Engrenharia', 'Matemática', 'Física']"
19,2.960137129718862,13,"['Ciência da Computação', 'Engrenharia', 'Matemática', 'Física']"
17,2.3817841529581463,10,"['Ciência da Computação', 'Engrenharia', 'Matemática', 'Física']"
20,2.9366555490632242,12,"['Ciência da Computação', 'Engrenharia', 'Matemática', 'Física']"
18,3.313535774870874,1,"['Ciência da Computação', 'Engrenharia', 'Matemática', 'Física']"
16,3.5337612961889375,12,"['Ciência da Computação', 'Engrenharia', 'Matemática', 'Física']"
30,2.719977852805041,9,"['Ciência da Computação', 'Engrenharia', 'Matemática', 'Física']"
25,3.6835129910202387,7,"['Ciência da Computação', 'Engrenharia', 'Matemática', 'Física']"
16,2.061866427989407,3,"['Ciência da Computação', 'Engrenharia', 'Matemática', 'Física']"
21,3.1923078427959424,13,"['Ciência da Computação', 'Engrenharia', 'Matemática', 'Física']"
24,3.321158212066078,3,"['Ciência da Computação', 'Engrenharia', 'Matemática', 'Física']"
20,2.037967150222463,18,"['Ciência da Computação', 'Engrenharia', 'Matemática', 'Física']"
17,2.341781905014809,14,"['Ciência da Computação', 'Engrenharia', 'Matemática', 'Física']"
20,2.237709202759015,4,"['Ciência da Computação', 'Engrenharia', 'Matemática', 'Física']"
24,2.3921280267818306,3,"['Ciência da Computação', 'Engrenharia', 'Matemática', 'Física']"
16,2.745873542650434,17,"['Ciência da Computação', 'Engrenharia', 'Matemática', 'Física']"
22,2.786913343630409,9,"['Ciência da Computação', 'Engrenharia', 'Matemática', 'Física']"
28,2.555679361708304,2,"['Ciência da Computação', 'Engrenharia', 'Matemática', 'Física']"
18,3.474995628693443,16,"['Ciência da Computação', 'Engrenharia', 'Matemática', 'Física']"
26,3.033188671099227,13,"['Ciência da Computação', 'Engrenharia', 'Matemática', 'Física']"
30,3.0006228094193172,11,"['Ciência da Computação', 'Engrenharia', 'Matemática', 'Física']"
17,3.0582159468889385,3,"['Ciência da Computação', 'Engrenharia', 'Matemática', 'Física']"
26,3.0891277281139438,4,"['Ciência da Computação', 'Engrenharia', 'Matemática', 'Física']"
26,2.5558177593217057,6,"['Ciência da Computação', 'Engrenharia', 'Matemática', 'Física']"
20,3.9496238881226535,10,"['Ciência da Computação', 'Engrenharia', 'Matemática', 'Física']"
24,3.7891720417260184,7,"['Ciência da Computação', 'Engrenharia', 'Matemática', 'Física']"
16,3.5410396446764816,10,"['Ciência da Computação', 'Engrenharia', 'Matemática', 'Física']"
16,3.463174109519139,19,"['Ciência da Computação', 'Engrenharia', 'Matemática', 'Física']"
20,2.2329584905372792,17,"['Ciência da Computação', 'Engrenharia', 'Matemática', 'Física']"
21,3.9343108581549657,7,"['Ciência da Computação', 'Engrenharia', 'Matemática', 'Física']"
16,3.3351886029065376,8,"['Ciência da Computação', 'Engrenharia', 'Matemática', 'Física']"
20,2.5464267626876564,20,"['Ciência da Computação', 'Engrenharia', 'Matemática', 'Física']"
25,2.5114705163481785,16,"['Ciência da Computação', 'Engrenharia', 'Matemática', 'Física']"
23,3.4972132088774055,12,"['Ciência da Computação', 'Engrenharia', 'Matemática', 'Física']"
19,2.3913506381102003,6,"['Ciência da Computação', 'Engrenharia', 'Matemática', 'Física']"
24,3.7705446493440617,9,"['Ciência da Computação', 'Engrenharia', 'Matemática', 'Física']"
18,2.1713396444925093,4,"['Ciência da Computação', 'Engrenharia', 'Matemática', 'Física']"
26,3.8336089749265296,4,"['Ciência da Computação', 'Engrenharia', 'Matemática', 'Física']"
22,2.9385853218465288,8,"['Ciência da Computação', 'Engrenharia', 'Matemática', 'Física']"
28,3.516800406098814,8,"['Ciência da Computação', 'Engrenharia', 'Matemática', 'Física']"
17,3.0046736615828533,8,"['Ciência da Computação', 'Engrenharia', 'Matemática', 'Física']"
20,2.157995251219301,8,"['Ciência da Computação', 'Engrenharia', 'Matemática', 'Física']"
23,2.7694819824074752,17,"['Ciência da Computação', 'Engrenharia', 'Matemática', 'Física']"
17,3.9135055152873823,18,"['Ciência da Computação', 'Engrenharia', 'Matemática', 'Física']"
18,2.773580262654856,6,"['Ciência da Computação', 'Engrenharia', 'Matemática', 'Física']"
30,3.769322589833898,3,"['Ciência da Computação', 'Engrenharia', 'Matemática', 'Física']"
17,3.548159770962748,15,"['Ciência da Computação', 'Engrenharia', 'Matemática', 'Física']"
30,3.6274500491085258,12,"['Ciência da Computação', 'Engrenharia', 'Matemática', 'Física']"
24,2.336786896484373,18,"['Ciência da Computação', 'Engrenharia', 'Matemática', 'Física']"
16,3.4628869255405474,10,"['Ciência da Computação', 'Engrenharia', 'Matemática', 'Física']"
17,2.5770532780607,20,"['Ciência da Computação', 'Engrenharia', 'Matemática', 'Física']"
26,2.774118564066736,11,"['Ciência da Computação', 'Engrenharia', 'Matemática', 'Física']"
28,2.48886703632217,16,"['Ciência da Computação', 'Engrenharia', 'Matemática', 'Física']"
24,3.509733626921598,14,"['Ciência da Computação', 'Engrenharia', 'Matemática', 'Física']"
23,3.400712581707645,15,"['Ciência da Computação', 'Engrenharia', 'Matemática', 'Física']"
18,2.172136370382303,19,"['Ciência da Computação', 'Engrenharia', 'Matemática', 'Física']"
28,2.562824584581022,2,"['Ciência da Computação', 'Engrenharia', 'Matemática', 'Física']"
30,3.2858305848973606,16,"['Ciência da Computação', 'Engrenharia', 'Matemática', 'Física']"
21,2.245511218105711,3,"['Ciência da Computação', 'Engrenharia', 'Matemática', 'Física']"
28,3.3233169118240484,2,"['Ciência da Computação', 'Engrenharia', 'Matemática', 'Física']"
19,3.259711336584468,8,"['Ciência da Computação', 'Engrenharia', 'Matemática', 'Física']"
29,2.9049623565461777,9,"['Ciência da Computação', 'Engrenharia', 'Matemática', 'Física']"
26,3.8722226218510434,2,"['Ciência da Computação', 'Engrenharia', 'Matemática', 'Física']"
20,2.3617163961683385,4,"['Ciência da Computação', 'Engrenharia', 'Matemática', 'Física']"
28,2.4645941199559624,1,"['Ciência da Computação', 'Engrenharia', 'Matemática', 'Física']"
20,3.8346214706184014,9,"['Ciência da Computação', 'Engrenharia', 'Matemática', 'Física']"
19,2.816796107682509,12,"['Ciência da Computação', 'Engrenharia', 'Matemática', 'Física']"
26,2.3025413621752207,15,"['Ciência da Computação', 'Engrenharia', 'Matemática', 'Física']"
21,2.818798837840471,13,"['Ciência da Computação', 'Engrenharia', 'Matemática', 'Física']"
17,2.286616081973981,12,"['Ciência da Computação', 'Engrenharia', 'Matemática', 'Física']"
25,2.1574954871233674,17,"['Ciência da Computação', 'Engrenharia', 'Matemática', 'Física']"
19,2.0628598436900796,7,"['Ciência da Computação', 'Engrenharia', 'Matemática', 'Física']"
19,2.881874242680179,5,"['Ciência da Computação', 'Engrenharia', 'Matemática', 'Física']"
25,3.0337765021196703,18,"['Ciência da Computação', 'Engrenharia', 'Matemática', 'Física']"
16,3.595325425078091,2,"['Ciência da Computação', 'Engrenharia', 'Matemática', 'Física']"
27,3.637257687641207,7,"['Ciência da Computação', 'Engrenharia', 'Matemática', 'Física']"
19,2.2381707633096526,12,"['Ciência da Computação', 'Engrenharia', 'Matemática', 'Física']"
23,2.0727510555530464,11,"['Ciência da Computação', 'Engrenharia', 'Matemática', 'Física']"
26,3.726646194568109,5,"['Ciência da Computação', 'Engrenharia', 'Matemática', 'Física']"
16,3.4387560798256347,5,"['Ciência da Computação', 'Engrenharia', 'Matemática', 'Física']"
25,3.6270502510965277,13,"['Ciência da Computação', 'Engrenharia', 'Matemática', 'Física']"
28,3.7505982869411305,7,"['Ciência da Computação', 'Engrenharia', 'Matemática', 'Física']"
18,3.8928059102010613,13,"['Ciência da Computação', 'Engrenharia', 'Matemática', 'Física']"
24,2.7723176861674967,15,"['Ciência da Computação', 'Engrenharia', 'Matemática', 'Física']"
26,3.358183730897722,6,"['Ciência da Computação', 'Engrenharia', 'Matemática', 'Física']"
16,3.3121779196358974,8,"['Ciência da Computação', 'Engrenharia', 'Matemática', 'Física']"
18,3.9412199094043228,17,"['Ciência da Computação', 'Engrenharia', 'Matemática', 'Física']"
22,2.0100194434682654,13,"['Ciência da Computação', 'Engrenharia', 'Matemática', 'Física']"
26,3.4528767716788806,3,"['Ciência da Computação', 'Engrenharia', 'Matemática', 'Física']"
17,2.8279617276502966,8,"['Ciência da Computação', 'Engrenharia', 'Matemática', 'Física']"
19,3.552485215671362,15,"['Ciência da Computação', 'Engrenharia', 'Matemática', 'Física']"
16,3.207169916373386,2,"['Ciência da Computação', 'Engrenharia', 'Matemática', 'Física']"
20,3.962184535409546,4,"['Ciência da Computação', 'Engrenharia', 'Matemática', 'Física']"
27,3.1501961791650794,8,"['Ciência da Computação', 'Engrenharia', 'Matemática', 'Física']"
23,3.3087455709760434,7,"['Ciência da Computação', 'Engrenharia', 'Matemática', 'Física']"
26,3.4438135273677863,19,"['Ciência da Computação', 'Engrenharia', 'Matemática', 'Física']"
24,3.070710462866203,5,"['Ciência da Computação', 'Engrenharia', 'Matemática', 'Física']"
23,3.3418334955416054,20,"['Ciência da Computação', 'Engrenharia', 'Matemática', 'Física']"
16,3.0927612503799073,11,"['Ciência da Computação', 'Engrenharia', 'Matemática', 'Física']"
21,3.2158619689670966,19,"['Ciência da Computação', 'Engrenharia', 'Matemática', 'Física']"
24,2.7196656899595157,1,"['Ciência da Computação', 'Engrenharia', 'Matemática', 'Física']"
30,3.6636846235666276,2,"['Ciência da Computação', 'Engrenharia', 'Matemática', 'Física']"
23,3.9375245424459364,19,"['Ciência da Computação', 'Engrenharia', 'Matemática', 'Física']"
30,2.3949983311380763,4,"['Ciência da Computação', 'Engrenharia', 'Matemática', 'Física']"
24,3.3045194573690715,9,"['Ciência da Computação', 'Engrenharia', 'Matemática', 'Física']"
24,3.2395262116738825,19,"['Ciência da Computação', 'Engrenharia', 'Matemática', 'Física']"
24,3.649419181398672,17,"['Ciência da Computação', 'Engrenharia', 'Matemática', 'Física']"
26,3.800230013755865,12,"['Ciência da Computação', 'Engrenharia', 'Matemática', 'Física']"
29,2.0906050463834815,7,"['Ciência da Computação', 'Engrenharia', 'Matemática', 'Física']"
28,2.9332572620765207,7,"['Ciência da Computação', 'Engrenharia', 'Matemática', 'Física']"
21,3.8288307096148233,15,"['Ciência da Computação', 'Engrenharia', 'Matemática', 'Física']"
23,3.8435449953513485,15,"['Ciência da Computação', 'Engrenharia', 'Matemática', 'Física']"
28,3.052504095797887,19,"['Ciência da Computação', 'Engrenharia', 'Matemática', 'Física']"
16,2.731940191557065,3,"['Ciência da Computação', 'Engrenharia', 'Matemática', 'Física']"
21,3.3339526660369936,1,"['Ciência da Computação', 'Engrenharia', 'Matemática', 'Física']"
16,2.278012840292281,20,"['Ciência da Computação', 'Engrenharia', 'Matemática', 'Física']"
27,2.340366917064821,12,"['Ciência da Computação', 'Engrenharia', 'Matemática', 'Física']"
16,3.2087098972150767,2,"['Ciência da Computação', 'Engrenharia', 'Matemática', 'Física']"
17,2.590351800011355,16,"['Ciência da Computação', 'Engrenharia', 'Matemática', 'Física']"
30,3.108091711966853,2,"['Ciência da Computação', 'Engrenharia', 'Matemática', 'Física']"
28,2.695704995663143,11,"['Ciência da Computação', 'Engrenharia', 'Matemática', 'Física']"
24,2.5846392916367895,18,"['Ciência da Computação', 'Engrenharia', 'Matemática', 'Física']"
24,2.315269689531803,15,"['Ciência da Computação', 'Engrenharia', 'Matemática', 'Física']"
21,2.356012394921062,7,"['Ciência da Computação', 'Engrenharia', 'Matemática', 'Física']"
17,2.4898876546011754,12,"['Ciência da Computação', 'Engrenharia', 'Matemática', 'Física']"
22,2.8983091373292114,18,"['Ciência da Computação', 'Engrenharia', 'Matemática', 'Física']"
30,3.100718848326432,17,"['Ciência da Computação', 'Engrenharia', 'Matemática', 'Física']"
19,2.8312997524764225,12,"['Ciência da Computação', 'Engrenharia', 'Matemática', 'Física']"
26,3.9620214260525386,9,"['Ciência da Computação', 'Engrenharia', 'Matemática', 'Física']"
23,2.564432044354251,14,"['Ciência da Computação', 'Engrenharia', 'Matemática', 'Física']"
18,2.8457405888202763,8,"['Ciência da Computação', 'Engrenharia', 'Matemática', 'Física']"
30,3.198492144131065,6,"['Ciência da Computação', 'Engrenharia', 'Matemática', 'Física']"
22,2.7199141893785193,9,"['Ciência da Computação', 'Engrenharia', 'Matemática', 'Física']"
21,2.58399158316596,20,"['Ciência da Computação', 'Engrenharia', 'Matemática', 'Física']"
30,3.342191259836116,4,"['Ciência da Computação', 'Engrenharia', 'Matemática', 'Física']"
19,3.848841214419182,4,"['Ciência da Computação', 'Engrenharia', 'Matemática', 'Física']"
17,3.4120717272721186,4,"['Ciência da Computação', 'Engrenharia', 'Matemática', 'Física']"
24,3.0115767883465727,19,"['Ciência da Computação', 'Engrenharia', 'Matemática', 'Física']"
22,3.969474582436342,6,"['Ciência da Computação', 'Engrenharia', 'Matemática', 'Física']"
19,3.86358479437836,15,"['Ciência da Computação', 'Engrenharia', 'Matemática', 'Física']"
22,3.30145037204631,10,"['Ciência da Computação', 'Engrenharia', 'Matemática', 'Física']"
17,2.2154142584898353,8,"['Ciência da Computação', 'Engrenharia', 'Matemática', 'Física']"
22,3.41127711031191,11,"['Ciência da Computação', 'Engrenharia', 'Matemática', 'Física']"
23,3.217349401371089,5,"['Ciência da Computação', 'Engrenharia', 'Matemática', 'Física']"
25,2.2177570892620944,17,"['Ciência da Computação', 'Engrenharia', 'Matemática', 'Física']"
24,2.8999685034333096,17,"['Ciência da Computação', 'Engrenharia', 'Matemática', 'Física']"
16,3.154740252710629,1,"['Ciência da Computação', 'Engrenharia', 'Matemática', 'Física']"
21,2.4624903961569045,17,"['Ciência da Computação', 'Engrenharia', 'Matemática', 'Física']"
19,3.9402114077680195,10,"['Ciência da Computação', 'Engrenharia', 'Matemática', 'Física']"
21,3.3539931358408435,11,"['Ciência da Computação', 'Engrenharia', 'Matemática', 'Física']"
21,2.266334611283817,14,"['Ciência da Computação', 'Engrenharia', 'Matemática', 'Física']"
30,3.931896645821509,1,"['Ciência da Computação', 'Engrenharia', 'Matemática', 'Física']"
19,3.0077584849399677,11,"['Ciência da Computação', 'Engrenharia', 'Matemática', 'Física']"
27,2.9175769747047444,2,"['Ciência da Computação', 'Engrenharia', 'Matemática', 'Física']"
30,2.14478221215544,15,"['Ciência da Computação', 'Engrenharia', 'Matemática', 'Física']"
28,2.5383735067897293,10,"['Ciência da Computação', 'Engrenharia', 'Matemática', 'Física']"
27,2.8963965730087367,6,"['Ciência da Computação', 'Engrenharia', 'Matemática', 'Física']"
17,3.7044872814652408,3,"['Ciência da Computação', 'Engrenharia', 'Matemática', 'Física']"
21,3.51452528999855,13,"['Ciência da Computação', 'Engrenharia', 'Matemática', 'Física']"
17,3.8789410301469953,4,"['Ciência da Computação', 'Engrenharia', 'Matemática', 'Física']"
25,2.152887036663956,16,"['Ciência da Computação', 'Engrenharia', 'Matemática', 'Física']"
23,2.5145924665527533,18,"['Ciência da Computação', 'Engrenharia', 'Matemática', 'Física']"
26,3.7822896189171464,20,"['Ciência da Computação', 'Engrenharia', 'Matemática', 'Física']"
17,3.16342572142272,7,"['Ciência da Computação', 'Engrenharia', 'Matemática', 'Física']"
27,2.7363654624177056,5,"['Ciência da Computação', 'Engrenharia', 'Matemática', 'Física']"
18,2.1657320804391595,5,"['Ciência da Computação', 'Engrenharia', 'Matemática', 'Física']"
18,2.808540395437918,19,"['Ciência da Computação', 'Engrenharia', 'Matemática', 'Física']"
30,3.9236254813360225,20,"['Ciência da Computação', 'Engrenharia', 'Matemática', 'Física']"
17,3.6698115730229164,17,"['Ciência da Computação', 'Engrenharia', 'Matemática', 'Física']"
25,2.7600061732627736,16,"['Ciência da Computação', 'Engrenharia', 'Matemática', 'Física']"
25,3.767151520248391,14,"['Ciência da Computação', 'Engrenharia', 'Matemática', 'Física']"
27,2.095653783615155,8,"['Ciência da Computação', 'Engrenharia', 'Matemática', 'Física']"
17,2.9529298046164927,11,"['Ciência da Computação', 'Engrenharia', 'Matemática', 'Física']"
23,3.4137075270333574,16,"['Ciência da Computação', 'Engrenharia', 'Matemática', 'Física']"
21,2.3082287034347386,4,"['Ciência da Computação', 'Engrenharia', 'Matemática', 'Física']"
17,2.7848273641176036,3,"['Ciência da Computação', 'Engrenharia', 'Matemática', 'Física']"
21,3.065214283165183,3,"['Ciência da Computação', 'Engrenharia', 'Matemática', 'Física']"
22,3.177543366404505,4,"['Ciência da Computação', 'Engrenharia', 'Matemática', 'Física']"
21,2.2554872629037264,17,"['Ciência da Computação', 'Engrenharia', 'Matemática', 'Física']"
21,3.534611041919515,12,"['Ciência da Computação', 'Engrenharia', 'Matemática', 'Física']"
21,2.9073942803871846,16,"['Ciência da Computação', 'Engrenharia', 'Matemática', 'Física']"
21,2.8979370446746096,2,"['Ciência da Computação', 'Engrenharia', 'Matemática', 'Física']"
25,3.438222934794626,18,"['Ciência da Computação', 'Engrenharia', 'Matemática', 'Física']"
29,2.4142428524457022,17,"['Ciência da Computação', 'Engrenharia', 'Matemática', 'Física']"
17,3.7034099159210454,14,"['Ciência da Computação', 'Engrenharia', 'Matemática', 'Física']"
20,2.388044934574056,12,"['Ciência da Computação', 'Engrenharia', 'Matemática', 'Física']"
23,2.582352360118268,10,"['Ciência da Computação', 'Engrenharia', 'Matemática', 'Física']"
24,3.0845487693438485,6,"['Ciência da Computação', 'Engrenharia', 'Matemática', 'Física']"
25,2.3652928956137735,18,"['Ciência da Computação', 'Engrenharia', 'Matemática', 'Física']"
24,2.869098127201987,16,"['Ciência da Computação', 'Engrenharia', 'Matemática', 'Física']"
21,2.708503467144424,4,"['Ciência da Computação', 'Engrenharia', 'Matemática', 'Física']"
24,2.5549994137688374,13,"['Ciência da Computação', 'Engrenharia', 'Matemática', 'Física']"
22,3.1554128822456535,12,"['Ciência da Computação', 'Engrenharia', 'Matemática', 'Física']"
30,2.881749333722489,13,"['Ciência da Computação', 'Engrenharia', 'Matemática', 'Física']"
21,3.716132820040862,15,"['Ciência da Computação', 'Engrenharia', 'Matemática', 'Física']"
28,3.8584018252981895,10,"['Ciência da Computação', 'Engrenharia', 'Matemática', 'Física']"
16,2.2121387277946725,5,"['Ciência da Computação', 'Engrenharia', 'Matemática', 'Física']"
19,2.1060319615753595,5,"['Ciência da Computação', 'Engrenharia', 'Matemática', 'Física']"
21,3.0842762300897917,9,"['Ciência da Computação', 'Engrenharia', 'Matemática', 'Física']"
26,3.0655112719706645,4,"['Ciência da Computação', 'Engrenharia', 'Matemática', 'Física']"
18,2.1373692937786664,10,"['Ciência da Computação', 'Engrenharia', 'Matemática', 'Física']"
27,3.6959144677298688,15,"['Ciência da Computação', 'Engrenharia', 'Matemática', 'Física']"
16,3.516066201753561,5,"['Ciência da Computação', 'Engrenharia', 'Matemática', 'Física']"
22,3.8242386900334004,11,"['Ciência da Computação', 'Engrenharia', 'Matemática', 'Física']"
26,2.7980892425126758,13,"['Ciência da Computação', 'Engrenharia', 'Matemática', 'Física']"
27,2.792711154157548,1,"['Ciência da Computação', 'Engrenharia', 'Matemática', 'Física']"
23,3.8669307629235883,10,"['Ciência da Computação', 'Engrenharia', 'Matemática', 'Física']"
18,2.1517986841712906,1,"['Ciência da Computação', 'Engrenharia', 'Matemática', 'Física']"
19,3.2938082968593143,13,"['Ciência da Computação', 'Engrenharia', 'Matemática', 'Física']"
22,2.13372346744033,1,"['Ciência da Computação', 'Engrenharia', 'Matemática', 'Física']"
19,2.7016802269533366,19,"['Ciência da Computação', 'Engrenharia', 'Matemática', 'Física']"
25,2.5695872170895395,11,"['Ciência da Computação', 'Engrenharia', 'Matemática', 'Física']"
16,3.8201943768226196,13,"['Ciência da Computação', 'Engrenharia', 'Matemática', 'Física']"
19,3.6730737823761404,14,"['Ciência da Computação', 'Engrenharia', 'Matemática', 'Física']"
24,2.7405572247531462,20,"['Ciência da Computação', 'Engrenharia', 'Matemática', 'Física']"
23,3.5595712697588366,14,"['Ciência da Computação', 'Engrenharia', 'Matemática', 'Física']"
27,3.8205725032301228,20,"['Ciência da Computação', 'Engrenharia', 'Matemática', 'Física']"
29,3.4181003794393727,10,"['Ciência da Computação', 'Engrenharia', 'Matemática', 'Física']"
24,2.9845931238863974,17,"['Ciência da Computação', 'Engrenharia', 'Matemática', 'Física']"
18,2.767231313216535,9,"['Ciência da Computação', 'Engrenharia', 'Matemática', 'Física']"
25,3.7521575446571593,4,"['Ciência da Computação', 'Engrenharia', 'Matemática', 'Física']"
28,2.530754845733039,15,"['Ciência da Computação', 'Engrenharia', 'Matemática', 'Física']"
23,2.7333156804082224,13,"['Ciência da Computação', 'Engrenharia', 'Matemática', 'Física']"
20,2.6709459036313907,7,"['Ciência da Computação', 'Engrenharia', 'Matemática', 'Física']"
28,3.6005876440446043,16,"['Ciência da Computação', 'Engrenharia', 'Matemática', 'Física']"
26,3.2437387875230255,13,"['Ciência da Computação', 'Engrenharia', 'Matemática', 'Física']"
